ACCIDENT_YEAR,COLLISION_DATE,COLLISION_TIME,MONTH,SEASON,24HOURS,DAY_OF_WEEK,INTERSECTION,WEATHER_1,STATE_HWY_IND,ROAD_SURFACE,ROAD_COND_1,LIGHTING,STWD_VEHTYPE_AT_FAULT,CHP_VEHTYPE_AT_FAULT,DIRECTION,PCF_VIOL_CATEGORY,TYPE_OF_COLLISION,PEDESTRIAN_ACCIDENT,BICYCLE_ACCIDENT,MOTORCYCLE_ACCIDENT,TRUCK_ACCIDENT,MVIW,TOW_AWAY,HIT_AND_RUN,CONTROL_DEVICE,NUMBER_INJURED,COUNT_PED_INJURED,COUNT_BICYCLIST_INJURED,COUNT_MC_INJURED,PCF_VIOLATION,PARTY_COUNT,POINT_Y,POINT_X,COLLISION_SEVERITY
2011,2011-08-19,754,8,2,7,5,Y,-,N,-,H,A,-,- ,,09,D,,,,,C,Y,N,A,3,0,0,0,21801.0,3,36.95705,-120.06687,4
2011,2011-05-30,1025,5,1,10,1,N,A,Y,A,H,A,D,22,W,09,D,,,,,C,Y,N,D,4,0,0,0,21801.0,2,36.97984381,-120.03198346,2
2011,2011-04-08,1650,4,1,16,5,N,A,N,A,H,A,-,- ,W,10,G,Y,,,,B,N,N,D,1,1,0,0,21950.0,2,36.96055366,-120.06169389,3
2011,2011-05-02,1655,5,1,16,1,Y,A,N,A,H,A,-,,,08,H,,Y,,,G,N,N,D,1,0,1,0,22107.0,1,36.9746,-120.0922,3
2011,2011-05-01,2500,5,1,25,7,Y,A,N,A,H,A,A,01,,01,D,,,,,D,Y,N,A,2,0,0,0,23152.0,2,36.80559,-120.01809,4
2011,2011-05-21,2142,5,1,21,6,N,A,N,A,H,C,J,48,N,03,D,,,,,E,Y,N,D,1,0,0,0,22350.0,3,36.95358529,-120.05092149,2
2011,2011-02-04,2500,2,4,25,5,N,A,N,A,H,D,A,07,S,01,E,,,,,I,Y,N,D,0,0,0,0,23152.0,1,37.11773,-119.93266,1
2011,2011-01-21,1530,1,4,15,5,N,B,N,B,H,A,F,27,E,08,F,,,,Y,A,Y,N,D,1,0,0,0,22107.0,1,37.08252914,-120.22930205,3
2011,2011-01-24,850,1,4,8,1,Y,E,Y,A,H,A,A,01,,03,D,,,,Y,C,Y,N,-,1,0,0,0,22350.0,2,37.08331507,-120.38271277,4
2011,2011-01-23,730,1,4,7,7,N,E,N,A,H,D,D,22,N,08,F,,,,,A,Y,N,D,1,0,0,0,22107.0,1,37.18775741,-120.00253022,4
2011,2011-01-28,520,1,4,5,5,N,E,N,B,H,E,A,01,S,08,E,,,,,I,Y,N,D,1,0,0,0,22107.0,1,37.07871317,-119.89510777,4
2011,2011-01-06,1015,1,4,10,4,N,E,Y,B,H,A,A,01,S,03,C,,,,,C,Y,N,A,5,0,0,0,22350.0,4,37.12445747,-119.737036,3
2011,2011-01-22,1610,1,4,16,6,N,B,Y,A,H,A,A,01,N,07,B,,,,,C,Y,N,D,2,0,0,0,21658.0,3,36.86635918,-119.96166385,4
2011,2011-01-18,1300,1,4,13,2,Y,B,N,A,H,A,A,01,,09,D,,,,,C,Y,N,A,3,0,0,0,21802.0,2,36.95283,-120.11025,3
2011,2011-01-24,2155,1,4,21,1,N,E,Y,B,H,C,A,01,N,03,C,,,,,C,Y,N,D,1,0,0,0,22350.0,2,36.93889327,-120.03685943,4
2011,2011-01-21,915,1,4,9,5,N,B,Y,A,H,A,A,01,N,08,E,,,,,I,N,N,D,1,0,0,0,22107.0,1,37.11022224,-120.23040174,4
2011,2011-01-02,1941,1,4,19,7,N,B,Y,B,H,D,A,01,N,03,C,,,,,C,N,N,D,2,0,0,0,22350.0,2,36.98404508,-120.08623271,4
2011,2011-01-25,1045,1,4,10,2,N,A,N,A,H,A,A,01,W,08,E,,,,,I,Y,N,D,1,0,0,0,22107.0,1,37.15901196,-119.74537636,3
2011,2011-01-04,1430,1,4,14,2,N,A,N,D,H,A,D,22,E,01,E,,,,,I,N,N,D,1,0,0,0,23152.0,1,37.3961849,-119.69602615,4
2011,2011-01-06,718,1,4,7,4,N,A,N,C,H,A,-,- ,W,18,E,,,,,I,Y,N,D,1,0,0,0,,1,37.19735921,-119.5775273,4
2011,2011-01-12,645,1,4,6,3,N,A,Y,C,H,D,A,07,S,03,E,,,,,I,Y,N,D,2,0,0,0,22350.0,1,37.42157857,-119.63517185,4
2011,2011-01-11,1029,1,4,10,2,N,B,N,A,H,A,D,22,S,05,A,,,,,C,Y,N,D,2,0,0,0,21460.0,2,36.99396405,-120.02863258,3
2011,2011-01-13,740,1,4,7,4,Y,B,N,A,H,A,A,01,,09,D,,,,,C,Y,N,D,1,0,0,0,21802.0,2,36.99641,-120.2023,3
2011,2011-01-02,1650,1,4,16,7,N,C,Y,B,H,C,D,22,N,03,E,,,,,I,N,N,D,1,0,0,0,22350.0,1,36.91048033,-119.79269076,3
2011,2011-01-12,1105,1,4,11,3,N,A,N,A,H,A,D,22,S,09,A,,,,,C,Y,N,D,1,0,0,0,21801.0,2,36.9852958,-120.03786629,3
2011,2011-01-26,1958,1,4,19,3,N,E,N,A,H,C,-,- ,E,01,G,Y,,,,B,N,N,A,1,1,0,0,23152.0,2,36.96011508,-120.0800956,4
2011,2011-01-21,2343,1,4,23,5,N,E,N,A,D,D,J,48,W,03,E,,,,,I,N,N,D,1,0,0,0,22350.0,1,36.96662195,-119.91574016,4
2011,2011-01-28,2106,1,4,21,5,N,E,Y,A,H,D,A,01,W,03,C,,,,,C,Y,N,D,1,0,0,0,22350.0,2,37.01030092,-119.86299605,4
2011,2011-01-31,1935,1,4,19,1,N,B,N,A,H,D,A,07,W,08,G,Y,,,,B,N,N,D,1,1,0,0,22107.0,2,36.97437326,-120.02930045,2
2011,2011-01-01,655,1,4,6,6,N,B,Y,B,H,C,A,01,S,01,E,,,,,I,N,N,D,1,0,0,0,23152.0,1,37.14073079,-120.27226471,3
2011,2011-01-05,745,1,4,7,3,Y,E,N,B,H,A,A,07,,03,E,,,,,J,Y,N,D,1,0,0,0,22350.0,1,37.11938645,-120.02033114,4
2011,2011-01-05,1515,1,4,15,3,Y,B,Y,A,H,A,A,01,,09,D,,,,,C,N,N,D,2,0,0,0,21801.0,2,37.08344481,-120.31085537,3
2011,2011-01-02,1225,1,4,12,7,N,B,N,B,H,A,A,01,N,03,E,,,,,I,Y,N,D,1,0,0,0,22350.0,1,37.0286439,-119.72568691,4
2011,2011-01-06,915,1,4,9,4,N,A,N,C,H,A,A,01,S,08,F,,,,,A,Y,N,D,1,0,0,0,22107.0,1,37.32737517,-119.77145165,4
2011,2011-01-09,945,1,4,9,7,N,B,Y,A,H,A,A,01,S,17,E,,,,,I,Y,N,D,1,0,0,0,21662.0,1,37.248677,-119.70537314,4
2011,2011-01-05,735,1,4,7,3,N,A,N,C,H,A,A,01,E,03,E,,,,,A,Y,N,D,2,0,0,0,22350.0,1,37.24006398,-119.83288477,3
2011,2011-02-23,1740,2,4,17,3,Y,A,N,A,H,A,A,01,,05,C,,,,Y,C,Y,N,D,1,0,0,0,21752.0,2,37.01835,-120.23869,4
2011,2011-01-10,1905,1,4,19,1,Y,A,Y,A,H,E,D,22,,09,D,,,,,C,Y,N,A,1,0,0,0,21802.0,2,37.08832032,-120.21269502,4
2011,2011-01-20,1526,1,4,15,4,N,A,N,A,H,A,A,01,E,01,E,,,,,I,N,N,D,1,0,0,0,23152.0,1,36.95289062,-120.09337042,3
2011,2011-02-25,1220,2,4,12,5,N,B,N,B,H,A,D,22,E,06,B,,,,,C,Y,M,D,2,0,0,0,21751.0,2,37.12001508,-120.3100556,4
2011,2011-02-16,1638,2,4,16,3,N,B,Y,A,H,A,A,01,S,09,D,,,,,C,Y,N,D,1,0,0,0,21801.0,2,36.96620434,-119.79395734,4
2011,2011-02-12,1439,2,4,14,6,Y,A,Y,A,H,A,A,01,,09,A,,,,,C,Y,N,D,4,0,0,0,21801.0,2,36.95922353,-119.79396266,3
2011,2011-02-10,845,2,4,8,4,N,A,N,A,H,A,A,07,W,01,C,,,,,E,Y,N,D,1,0,0,0,23152.0,2,36.92289509,-119.87654243,4
2011,2011-02-08,1338,2,4,13,2,Y,A,N,A,H,A,A,07,,09,D,,,,,C,Y,N,A,2,0,0,0,21802.0,2,36.92382,-120.07422,4
2011,2011-02-06,1535,2,4,15,7,N,A,N,A,H,A,A,01,E,08,E,,,,,J,N,N,D,1,0,0,0,22107.0,1,36.92289509,-119.87337061,4
2011,2011-02-08,2206,2,4,22,2,N,A,Y,A,H,C,-,- ,N,01,C,,,,,C,Y,N,D,2,0,0,0,23153.0,2,,,3
2011,2011-01-30,1208,1,4,12,7,N,A,Y,A,H,A,A,01,W,09,D,,,,,C,Y,N,A,1,0,0,0,21802.0,2,36.96882282,-120.04951649,4
2011,2011-03-07,1259,3,1,12,1,N,A,Y,A,H,A,A,07,N,08,E,,,,,I,N,N,D,1,0,0,0,22107.0,1,37.04193986,-119.77945435,4
2011,2011-02-26,1540,2,4,15,6,N,A,Y,A,H,A,G,25,N,07,E,,,,Y,I,N,F,D,1,0,0,0,21658.0,2,36.92430385,-120.02269662,4
2011,2011-03-01,1550,3,1,15,2,Y,B,N,A,H,A,A,01,,09,D,,,,,C,Y,N,A,1,0,0,0,21802.0,2,36.90927,-120.09236,4
2011,2011-03-18,1232,3,1,12,5,N,-,N,-,-,-,-,- ,S,21,H,,,,,C,Y,F,D,1,0,0,0,22106.0,2,36.98514521,-120.05249262,3
2011,2011-03-17,1050,3,1,10,4,N,A,Y,A,D,A,D,22,S,03,C,,,,,C,Y,N,A,2,0,0,0,22350.0,4,36.9522794,-120.05419503,4
2011,2011-03-17,1746,3,1,17,4,N,A,Y,A,H,A,D,22,N,03,C,,,,,C,Y,N,D,3,0,0,0,22350.0,3,37.01105622,-119.79394591,4
2011,2011-02-18,1155,2,4,11,5,Y,B,N,B,H,A,A,07,,09,D,,,,,C,Y,N,D,1,0,0,0,21802.0,2,37.01829,-120.16606,4
2011,2011-02-15,1805,2,4,18,2,Y,B,N,A,H,B,A,01,,09,D,,,,,C,Y,N,A,1,0,0,0,21802.0,2,36.9247,-119.87811,4
2011,2011-02-14,915,2,4,9,1,N,C,N,B,H,A,D,22,N,08,A,,,,,C,N,N,D,1,0,0,0,22107.0,2,37.13453295,-120.20214174,4
2011,2011-02-18,1355,2,4,13,5,N,B,Y,B,H,A,A,01,N,08,E,,,,,I,Y,N,D,1,0,0,0,22107.0,1,36.9552763,-120.05848727,4
2011,2011-02-21,1853,2,4,18,1,N,A,N,A,H,D,A,01,E,08,E,,,,,I,Y,N,D,1,0,0,0,22107.0,1,36.85134062,-120.00910699,4
2011,2011-02-19,1250,2,4,12,6,N,B,Y,A,H,A,A,01,N,03,C,,,,,C,Y,N,D,1,0,0,0,22350.0,2,36.9399997,-120.03799731,4
2011,2011-02-23,745,2,4,7,3,N,A,N,A,H,A,A,01,N,09,B,,,,,C,Y,N,D,1,0,0,0,21801.0,2,37.21929222,-119.50874984,3
2011,2011-02-11,2500,2,4,25,5,N,A,Y,A,H,D,A,08,S,08,G,Y,,,,B,N,F,D,1,1,0,0,22107.0,2,37.3399799,-119.64382778,3
2011,2011-02-05,1924,2,4,19,6,N,A,N,A,H,D,A,01,S,01,E,,,,,I,Y,N,D,1,0,0,0,23152.0,1,37.23184701,-119.55245072,3
2011,2011-02-15,1400,2,4,14,2,N,A,N,A,H,A,-,- ,S,08,E,,,,,I,Y,N,D,1,0,0,0,22107.0,1,37.32200332,-119.62947289,4
2011,2011-02-12,26,2,4,0,6,N,A,Y,A,H,D,A,01,S,08,E,,,,,I,Y,N,D,1,0,0,0,22107.0,1,37.3211568,-119.6634591,4
2011,2011-02-11,1810,2,4,18,5,N,A,Y,A,H,D,A,01,N,03,C,,,,,C,Y,N,D,3,0,0,0,22350.0,2,37.20861955,-119.71223783,3
2011,2011-02-12,1535,2,4,15,6,Y,A,N,A,H,A,A,01,,09,B,,,,,C,Y,N,A,1,0,0,0,21801.0,2,37.250757,-119.725398,4
2011,2011-03-20,1635,3,1,16,7,N,C,Y,B,H,A,D,23,E,03,E,,,,,I,Y,N,D,2,0,0,0,22350.0,1,37.08249508,-120.20663274,4
2011,2011-03-15,550,3,1,5,2,N,E,N,A,H,D,D,22,S,08,F,,,,,A,Y,N,D,0,0,0,0,22107.0,1,37.0444617,-120.16250071,1
2011,2011-02-02,330,2,4,3,3,N,A,N,A,H,C,A,07,W,08,F,,,,,A,Y,N,D,1,0,0,0,22107.0,1,37.23967476,-119.78659281,3
2011,2011-03-25,1240,3,1,12,5,N,B,N,C,H,A,D,22,E,05,A,,,,,C,Y,N,A,1,0,0,0,21460.0,2,,,3
2011,2011-03-13,1113,3,1,11,7,Y,A,Y,A,H,A,D,22,,04,C,,,,,C,N,N,A,1,0,0,0,21703.0,2,37.21899108,-119.70783333,4
2011,2011-03-20,730,3,1,7,7,N,B,N,B,H,A,D,22,W,17,F,,,,,A,Y,N,A,1,0,0,0,21662.0,1,37.17776789,-119.63047206,2
2011,2011-03-19,1610,3,1,16,6,N,B,Y,A,H,A,E,22,N,03,C,,,,,C,N,N,D,1,0,0,0,22350.0,2,37.35535856,-119.64367108,4
2011,2011-02-20,955,2,4,9,7,N,A,N,C,H,A,A,01,E,03,A,,,,Y,C,Y,N,A,1,0,0,0,22350.0,2,,,3
2011,2011-02-26,638,2,4,6,6,N,A,Y,C,H,A,D,22,S,03,E,,,,,I,Y,N,D,1,0,0,0,22350.0,1,37.28283561,-119.65960843,3
2011,2011-02-27,1710,2,4,17,7,N,A,N,A,H,B,D,22,S,08,E,,,,,I,Y,N,D,1,0,0,0,22107.0,1,37.22078378,-119.4877106,2
2011,2011-02-22,2140,2,4,21,2,N,A,Y,A,H,D,D,22,S,01,E,,,,,I,Y,N,D,1,0,0,0,23152.0,1,37.34117075,-119.68817504,3
2011,2011-03-28,1655,3,1,16,1,N,A,N,B,F,A,D,22,E,03,E,,,,,I,Y,N,D,1,0,0,0,22350.0,2,36.88029504,-119.8751312,4
2011,2011-03-21,1325,3,1,13,1,N,B,Y,A,H,A,D,22,S,03,C,,,,,C,Y,N,D,1,0,0,0,22350.0,2,36.97606179,-120.07822269,2
2011,2011-03-25,715,3,1,7,5,N,A,N,B,H,A,A,01,E,03,C,,,,Y,C,Y,N,D,1,0,0,0,22350.0,2,37.0182351,-120.13417345,4
2011,2011-03-25,710,3,1,7,5,N,B,N,B,H,A,D,22,S,03,F,,,,,I,Y,N,D,1,0,0,0,22350.0,1,37.19407,-119.80781,4
2011,2011-03-06,355,3,1,3,7,N,A,N,A,H,D,A,01,W,01,F,,,,,A,Y,N,D,1,0,0,0,23152.0,1,37.01817485,-120.33059552,3
2011,2011-03-18,1008,3,1,10,5,N,B,N,A,H,A,A,01,S,08,E,,,,,I,Y,N,D,3,0,0,0,22107.0,1,36.93773215,-119.89411919,4
2011,2011-03-18,1505,3,1,15,5,Y,B,N,A,H,A,A,07,,09,D,,,,,C,Y,N,A,4,0,0,0,21802.0,2,36.88012,-119.98341,3
2011,2011-02-24,1050,2,4,10,4,N,A,Y,A,H,A,-,- ,N,03,C,,,,,C,N,M,A,1,0,0,0,22350.0,2,36.96018402,-120.05947685,4
2011,2011-02-13,1328,2,4,13,7,N,A,N,A,H,A,A,01,W,09,D,Y,,,,C,Y,M,A,1,1,0,0,21801.0,4,36.97453111,-120.08215606,3
2011,2011-02-16,1810,2,4,18,3,N,-,N,A,H,A,-,- ,E,01,D,,Y,,,G,Y,N,A,1,0,1,0,23153.0,2,36.9817549,-120.0561656,4
2011,2011-01-24,2219,1,4,22,1,Y,E,N,A,H,C,-,- ,,12,D,,,,,C,Y,N,A,1,0,0,0,22450.0,2,36.95864,-120.05439,3
2011,2011-03-23,1515,3,1,15,3,N,B,N,A,H,A,N,60,S,11,G,Y,,,,B,N,N,D,1,1,0,0,21954.0,2,36.96338295,-120.05932544,3
2011,2011-03-17,1624,3,1,16,4,N,A,N,A,H,A,L,04,E,09,D,,Y,,,G,N,N,A,1,0,1,0,21802.0,2,36.95989494,-120.04210218,2
2011,2011-03-14,910,3,1,9,1,N,A,Y,A,D,A,A,01,S,03,C,,,,,C,Y,N,D,2,0,0,0,22350.0,2,36.94484422,-120.0427701,4
2011,2011-04-01,1503,4,1,15,5,N,A,Y,A,H,A,D,22,W,03,C,,,,,C,N,N,D,2,0,0,0,22350.0,2,36.98617397,-120.01988961,4
2011,2011-03-29,1050,3,1,10,2,Y,A,N,A,H,A,A,01,,09,D,,,,,C,Y,N,D,2,0,0,0,21801.0,2,36.88029,-119.89316,3
2011,2011-03-29,325,3,1,3,2,N,A,Y,A,H,E,D,22,S,08,D,,,,,C,N,F,D,1,0,0,0,22107.0,2,36.98376744,-119.79390421,4
2011,2011-03-22,2030,3,1,20,2,N,B,N,B,F,D,A,07,E,03,E,,,,,I,Y,N,A,1,0,0,0,22350.0,1,36.88029298,-119.87332702,4
2011,2011-03-20,1430,3,1,14,7,N,C,N,B,H,A,A,01,N,01,E,,,,,I,Y,N,D,1,0,0,0,23152.0,1,36.94091509,-119.90830358,3
2011,2011-02-18,920,2,4,9,5,N,B,Y,B,H,A,A,01,N,03,C,,,,,C,Y,N,D,1,0,0,0,22350.0,3,36.91064509,-120.00751312,4
2011,2011-02-14,1833,2,4,18,1,N,A,N,A,H,D,N,60,W,11,G,Y,,,,B,N,N,D,1,1,0,0,21954.0,2,36.99628902,-120.06617169,2
2011,2011-04-07,1004,4,1,10,4,N,B,Y,B,H,A,A,07,N,03,B,,,,Y,C,Y,N,D,3,0,0,0,22350.0,4,36.99600508,-120.10195271,4
2011,2011-02-23,1728,2,4,17,3,Y,A,N,A,H,A,-,- ,,12,A,,,,,C,N,N,A,1,0,0,0,21453.0,3,36.97454,-120.08456,3
2011,2011-03-04,1225,3,1,12,5,N,A,Y,A,H,A,A,01,S,07,B,,,,,C,Y,N,D,1,0,0,0,21658.0,2,36.89960612,-119.99609808,4
2011,2011-03-05,1320,3,1,13,6,N,A,N,A,H,A,C,02,N,08,F,,,Y,,A,N,N,D,1,0,0,1,22107.0,1,37.05657,-119.71423,4
2011,2011-03-04,1120,3,1,11,5,N,A,N,A,H,A,A,01,E,08,E,,,,,I,Y,N,D,1,0,0,0,22107.0,1,37.0543176,-120.04395184,4
2011,2011-04-13,1708,4,1,17,3,N,A,N,A,H,A,A,01,N,01,B,,,,,C,Y,N,D,1,0,0,0,23152.0,2,37.11773,-119.93266,3
2011,2011-03-19,115,3,1,1,6,N,B,Y,B,H,D,A,01,N,08,E,,,,,I,Y,N,D,1,0,0,0,22107.0,1,37.09783229,-119.74880752,2
2011,2011-03-21,1725,3,1,17,1,N,C,Y,B,H,A,A,01,N,03,E,,,,,I,Y,N,D,1,0,0,0,22350.0,1,36.9763033,-120.0782206,4
2011,2011-03-19,520,3,1,5,6,N,B,Y,B,H,D,A,01,E,01,E,,,,,I,Y,N,D,1,0,0,0,23152.0,1,37.00035301,-119.9714993,3
2011,2011-04-13,1357,4,1,13,3,N,B,N,A,H,A,A,01,W,03,C,,,,,C,N,N,A,2,0,0,0,22350.0,2,36.92290509,-119.89435473,4
2011,2011-04-07,1730,4,1,17,4,N,B,N,A,H,A,L,04,S,05,D,,Y,,,G,N,N,D,1,0,1,0,21202.0,2,36.98548648,-119.87574698,3
2011,2011-04-09,839,4,1,8,6,N,A,N,A,H,A,A,01,E,08,F,,,,,A,Y,N,D,1,0,0,0,22107.0,1,37.01825241,-120.1534188,4
2011,2011-03-31,1555,3,1,15,4,N,A,N,A,H,A,A,08,W,03,G,Y,,,,B,N,N,D,1,1,0,0,22350.0,2,36.99399629,-120.02449494,4
2011,2011-03-27,1130,3,1,11,7,N,A,Y,A,H,A,A,01,S,08,E,,,,,I,Y,N,D,1,0,0,0,22107.0,2,37.1151775,-119.74385289,4
2011,2011-03-25,2030,3,1,20,5,Y,A,N,A,H,C,D,22,,01,D,,,,,C,Y,N,A,1,0,0,0,23152.0,2,36.95274,-120.08323,3
2011,2011-03-30,1558,3,1,15,3,N,A,N,A,H,A,N,,S,09,-,Y,,,,-,N,N,D,1,1,0,0,21802.0,2,36.97784742,-120.04636645,3
2011,2011-04-13,801,4,1,8,3,Y,A,N,A,H,A,-,- ,,00,E,Y,,,,B,N,N,D,1,1,0,0,,2,37.11313,-120.26693,3
2011,2011-03-23,2105,3,1,21,3,N,B,N,B,F,D,A,07,E,01,E,,,,,I,Y,N,D,1,0,0,0,23152.0,1,36.9374051,-119.87868223,3
2011,2011-03-30,1129,3,1,11,3,N,A,N,A,H,A,A,01,W,03,H,,,,,F,Y,N,A,2,0,0,0,22350.0,2,36.92313669,-119.97368997,4
2011,2011-04-26,2215,4,1,22,2,N,A,Y,A,H,C,D,22,N,03,C,,,,,C,Y,F,D,1,0,0,0,22350.0,2,36.85570493,-119.95032253,4
2011,2011-05-05,1600,5,1,16,4,N,A,Y,A,H,A,D,22,S,08,E,,,,,I,Y,N,D,2,0,0,0,22107.0,1,37.2483938,-119.70530234,3
2011,2011-04-23,1209,4,1,12,6,Y,A,Y,A,H,A,A,07,,12,D,,,,,C,Y,N,A,4,0,0,0,21453.0,3,37.21899108,-119.70783333,3
2011,2011-05-15,1650,5,1,16,7,N,B,Y,B,H,A,D,22,N,03,C,,,,,C,Y,N,D,1,0,0,0,22350.0,2,37.34504592,-119.71322784,4
2011,2011-05-03,1703,5,1,17,2,Y,A,N,A,H,A,D,22,,03,C,,,,,C,N,N,D,1,0,0,0,22350.0,2,37.32639,-119.6425,4
2011,2011-04-12,2500,4,1,25,2,N,A,N,A,H,D,D,22,S,17,F,,,,,A,Y,N,D,1,0,0,0,21662.0,1,37.20784515,-119.77283631,4
2011,2011-04-21,1345,4,1,13,4,N,A,Y,A,H,A,D,22,S,03,C,,,,,C,Y,N,D,1,0,0,0,22350.0,2,37.23053914,-119.70761104,4
2011,2011-04-12,1928,4,1,19,2,N,A,N,A,H,A,D,22,E,01,E,,,,,I,Y,N,D,1,0,0,0,23152.0,1,37.1989841,-119.73629701,3
2011,2011-05-06,1030,5,1,10,5,N,A,N,A,H,A,D,22,W,03,C,,,,,C,N,N,A,1,0,0,0,22350.0,2,36.92364,-120.02416,4
2011,2011-01-22,1104,1,4,11,6,N,E,Y,A,H,A,A,01,S,08,E,,,,,I,Y,N,D,0,0,0,0,22107.0,1,37.0823316,-120.20643484,1
2011,2011-02-17,1900,2,4,19,4,N,B,Y,B,H,D,G,25,S,03,E,Y,,,Y,J,N,N,D,0,0,0,0,22350.0,2,37.08364598,-120.2090117,1
2011,2011-04-09,1935,4,1,19,6,Y,A,N,A,H,B,A,01,,09,D,,,Y,,C,Y,N,D,1,0,0,1,21801.0,2,36.9526,-120.01949,2
2011,2011-04-06,844,4,1,8,3,N,A,N,A,H,A,A,01,N,09,D,,,,,C,Y,F,A,1,0,0,0,21801.0,3,37.05430447,-120.02923787,4
2011,2011-04-10,1130,4,1,11,7,N,A,Y,A,H,A,A,01,W,08,E,,,,,I,Y,N,D,1,0,0,0,22107.0,1,37.01029514,-119.83525865,4
2011,2011-04-09,1145,4,1,11,6,N,A,Y,A,H,A,A,07,N,03,E,,,,,I,Y,N,D,2,0,0,0,22350.0,2,37.05939356,-119.77048083,4
2011,2011-03-15,813,3,1,8,2,N,A,N,A,H,A,A,01,E,05,A,,,,,C,Y,N,D,2,0,0,0,21650.0,2,37.21260509,-119.70627397,3
2011,2011-03-02,1530,3,1,15,3,N,A,Y,A,H,A,A,07,E,03,D,,,,,C,N,N,D,1,0,0,0,22350.0,2,37.33492871,-119.66182683,4
2011,2011-03-03,715,3,1,7,4,N,B,N,B,H,A,A,01,S,08,F,,,,,A,Y,N,D,1,0,0,0,22107.0,1,37.20910948,-119.77195531,4
2011,2011-03-23,725,3,1,7,3,N,C,Y,B,H,A,A,07,S,08,E,,,,,I,Y,N,D,1,0,0,0,22107.0,1,37.27418057,-119.66693314,4
2011,2011-03-15,1455,3,1,14,2,N,A,N,A,H,A,A,07,W,03,C,,,,,C,Y,N,D,1,0,0,0,22350.0,2,37.35868087,-119.60984366,4
2011,2011-03-27,1415,3,1,14,7,N,A,Y,A,H,A,A,01,S,09,D,,,,,C,Y,N,D,2,0,0,0,21801.0,2,37.33056827,-119.65615198,4
2011,2011-02-19,1835,2,4,18,6,Y,B,Y,B,H,C,A,08,,09,B,,,,,C,Y,N,A,1,0,0,0,21801.0,2,37.21899108,-119.70783333,4
2011,2011-02-28,1230,2,4,12,1,N,A,Y,A,H,A,-,- ,S,18,H,,,,,C,Y,N,D,1,0,0,0,,2,37.2774278,-119.66772269,4
2011,2011-02-13,142,2,4,1,7,N,A,N,A,H,D,C,02,S,01,F,,,Y,,A,Y,N,D,1,0,0,1,23152.0,1,37.21294006,-119.68166082,4
2011,2011-02-22,1245,2,4,12,2,N,A,N,A,H,A,A,01,E,08,E,,,,,I,Y,N,D,1,0,0,0,22107.0,1,37.30720068,-119.53049355,4
2011,2011-05-08,940,5,1,9,7,N,A,Y,A,H,A,D,22,W,03,C,,,,,C,N,N,A,1,0,0,0,22350.0,2,36.92309509,-119.79400266,4
2011,2011-05-04,1542,5,1,15,3,N,A,Y,A,H,A,A,01,S,07,B,,,,Y,C,Y,N,D,1,0,0,0,21658.0,2,37.14056508,-120.27198276,4
2011,2011-04-13,1445,4,1,14,3,Y,B,N,A,H,A,A,01,,12,D,,,,,C,Y,N,A,1,0,0,0,22450.0,2,36.92372,-120.11048,4
2011,2011-04-14,751,4,1,7,4,N,A,Y,A,H,A,A,07,S,03,C,,,,,C,N,N,D,1,0,0,0,22350.0,2,37.04038508,-120.15563273,4
2011,2011-04-22,1341,4,1,13,5,N,B,Y,A,H,A,A,01,S,03,C,,,,,C,Y,N,D,2,0,0,0,22350.0,2,36.86392074,-119.95880629,4
2011,2011-04-21,319,4,1,3,4,N,A,Y,A,H,D,G,25,S,08,F,,,,Y,A,Y,N,D,1,0,0,0,22107.0,1,37.0901397,-120.21368366,4
2011,2011-04-20,1725,4,1,17,3,Y,B,N,A,C,A,A,01,,12,D,,,,,C,Y,N,B,2,0,0,0,22450.0,2,36.85312001,-120.04183909,3
2011,2011-04-16,1410,4,1,14,6,N,A,N,A,H,A,F,25,N,08,F,,,,Y,A,N,N,D,1,0,0,0,22107.0,1,37.11283744,-120.29275334,3
2011,2011-04-23,1410,4,1,14,6,N,A,N,A,H,A,D,22,N,09,D,,,,,C,Y,N,D,2,0,0,0,21801.0,2,36.99655647,-120.07434271,3
2011,2011-04-18,829,4,1,8,1,N,B,Y,A,H,A,G,27,N,03,C,,,,Y,C,Y,N,D,4,0,0,0,22350.0,4,36.9276241,-120.02523187,2
2011,2011-03-28,1208,3,1,12,1,Y,A,Y,A,H,A,-,- ,,08,D,,,,,C,N,N,D,1,0,0,0,22107.0,3,37.12216508,-120.26102275,4
2011,2011-03-12,1446,3,1,14,6,Y,B,N,B,H,A,A,07,,09,D,,,,,C,Y,N,D,3,0,0,0,21802.0,2,36.923049,-119.8624995,4
2011,2011-05-27,1635,5,1,16,5,Y,A,Y,A,H,A,D,22,,09,D,,,,,C,Y,N,A,1,0,0,0,21802.0,2,37.20203513,-119.72272267,4
2011,2011-05-29,130,5,1,1,7,N,B,N,B,H,D,D,22,W,01,F,,,,,A,Y,N,D,2,0,0,0,23152.0,1,37.26195067,-119.70680965,3
2011,2011-05-24,1520,5,1,15,2,N,A,Y,A,H,A,A,01,,06,B,,,,,C,N,N,D,1,0,0,0,21751.0,2,37.17859876,-119.72895131,3
2011,2011-05-10,731,5,1,7,2,N,A,N,A,H,A,D,22,W,03,C,,,,,C,Y,N,D,1,0,0,0,22350.0,2,36.92307143,-119.80573296,4
2011,2011-06-08,623,6,2,6,3,Y,A,N,A,H,A,D,22,,09,D,,,,Y,C,Y,N,A,2,0,0,0,21802.0,2,37.09828,-120.46436,2
2011,2011-05-09,1050,5,1,10,1,N,B,Y,A,H,A,A,07,S,03,E,,,,,I,N,N,D,1,0,0,0,22350.0,1,37.09574508,-120.21503274,4
2011,2011-05-07,1900,5,1,19,6,N,A,N,A,H,A,C,02,S,05,F,,,Y,,A,Y,N,D,1,0,0,1,21650.0,1,37.00754739,-119.73679218,3
2011,2011-05-04,1802,5,1,18,3,Y,A,N,A,H,A,A,08,,09,D,,,,,C,Y,N,A,2,0,0,0,21802.0,2,37.05425381,-120.02924055,4