ACCIDENT_YEAR,COLLISION_DATE,COLLISION_TIME,MONTH,SEASON,24HOURS,DAY_OF_WEEK,INTERSECTION,WEATHER_1,STATE_HWY_IND,ROAD_SURFACE,ROAD_COND_1,LIGHTING,STWD_VEHTYPE_AT_FAULT,CHP_VEHTYPE_AT_FAULT,DIRECTION,PCF_VIOL_CATEGORY,TYPE_OF_COLLISION,PEDESTRIAN_ACCIDENT,BICYCLE_ACCIDENT,MOTORCYCLE_ACCIDENT,TRUCK_ACCIDENT,MVIW,TOW_AWAY,HIT_AND_RUN,CONTROL_DEVICE,NUMBER_INJURED,COUNT_PED_INJURED,COUNT_BICYCLIST_INJURED,COUNT_MC_INJURED,PCF_VIOLATION,PARTY_COUNT,POINT_Y,POINT_X,COLLISION_SEVERITY
2013,2013-03-28,27,3,1,0,4,N,A,Y,A,D,D,A,01,N,03,C,,,,,C,Y,N,D,3,0,0,0,22350.0,4,36.862919,-119.9581182,3
2013,2013-03-23,2245,3,1,22,6,N,A,Y,A,H,D,A,01,E,03,C,,,,,C,Y,N,D,1,0,0,0,22350.0,2,36.9864803,-120.0192797,3
2013,2013-05-02,1635,5,1,16,4,Y,A,Y,A,H,A,A,01,,12,D,,,,,C,Y,N,A,1,0,0,0,21453.0,2,37.1250225,-119.7368675,3
2013,2013-05-05,1305,5,1,13,7,N,B,N,A,B,A,C,02,W,03,F,,,Y,,A,N,N,D,1,0,0,1,22350.0,1,37.36511854,-119.70937818,3
2013,2013-05-08,815,5,1,8,3,N,B,N,A,H,A,A,01,E,03,F,,,,,A,Y,N,D,1,0,0,0,22350.0,1,37.23221695,-119.74241227,4
2013,2013-05-05,653,5,1,6,7,N,B,Y,A,H,A,-,- ,N,18,H,,,Y,,H,N,N,D,1,0,0,1,,1,37.3264251,-119.6601027,3
2013,2013-04-25,1024,4,1,10,4,N,A,N,-,A,A,D,22,S,08,E,,,,,I,Y,N,D,1,0,0,0,22107.0,1,37.04112951,-120.02911538,4
2013,2013-04-15,1210,4,1,12,1,N,A,N,A,H,A,A,01,N,08,A,,,,,C,Y,N,D,1,0,0,0,22107.0,2,36.88070193,-119.97415245,4
2013,2013-05-21,1814,5,1,18,2,N,A,Y,A,H,A,A,01,N,03,C,,,,,C,Y,N,D,4,0,0,0,22350.0,5,36.9088803,-120.005686,3
2013,2013-05-17,1015,5,1,10,5,N,A,N,A,H,A,A,01,E,05,E,,,,,I,Y,N,D,1,0,0,0,21460.0,2,37.1192985,-119.9711436,4
2013,2013-05-28,1300,5,1,13,2,Y,A,Y,A,H,A,D,22,,09,D,,,,,C,Y,N,A,3,0,0,0,21802.0,2,,,4
2013,2013-04-25,2155,4,1,21,4,Y,A,N,A,H,D,A,07,,12,D,,,,,C,Y,N,A,2,0,0,0,22450.0,2,36.9666194,-119.89381671,3
2013,2013-05-09,1623,5,1,16,4,N,A,N,A,H,A,A,01,N,03,C,,,,,C,Y,N,A,2,0,0,0,22350.0,2,37.02189922,-120.07439464,4
2013,2013-05-15,1230,5,1,12,3,N,A,N,A,H,A,D,22,W,21,C,,,,,C,N,N,D,1,0,0,0,22106.0,2,37.0909591,-120.2616894,4
2013,2013-05-14,1435,5,1,14,2,N,A,N,A,H,A,A,01,E,08,D,,,,,C,N,N,D,1,0,0,0,22107.0,2,36.986905,-120.0741927,4
2013,2013-05-10,1755,5,1,17,5,N,A,Y,A,H,A,A,01,S,03,C,,,,,C,N,N,D,2,0,0,0,22350.0,2,36.9086057,-119.7925908,4
2013,2013-05-02,1515,5,1,15,4,N,A,N,A,H,A,A,01,E,08,E,,,,,I,Y,N,D,1,0,0,0,22107.0,1,37.01822076,-120.14616251,3
2013,2013-05-14,1624,5,1,16,2,N,A,Y,A,H,A,G,27,S,16,B,,,,Y,C,Y,N,D,4,0,0,0,29004.0,2,36.9187225,-119.7938265,3
2013,2013-05-16,800,5,1,8,4,N,A,N,A,-,A,-,- ,,- ,-,Y,,,,B,N,M,-,1,1,0,0,,2,37.113966,-120.2712705,3
2013,2013-05-14,1650,5,1,16,2,Y,A,Y,A,H,A,D,22,,03,C,,,,,C,Y,N,D,1,0,0,0,22350.0,2,37.3418684,-119.7015046,4
2013,2013-05-20,615,5,1,6,1,N,A,N,A,H,A,A,01,W,08,E,,,,,I,Y,N,D,1,0,0,0,22107.0,1,36.88023207,-119.83118355,3
2013,2013-05-06,745,5,1,7,1,Y,B,N,A,H,A,A,01,,09,D,,,,,C,Y,N,D,1,0,0,0,21801.0,2,36.887904,-119.8048005,3
2013,2013-04-28,130,4,1,1,7,N,A,N,A,H,D,A,01,N,08,E,,,,,I,Y,N,D,1,0,0,0,22107.0,1,37.0734787,-119.9696737,4
2013,2013-04-26,1420,4,1,14,5,N,A,Y,A,H,A,A,07,E,05,C,,,,,C,Y,N,D,1,0,0,0,21460.0,2,37.0100785,-119.94329,3
2013,2013-04-13,2500,4,1,25,6,N,A,N,A,H,D,A,01,S,08,E,,,,,I,Y,N,A,1,0,0,0,22107.0,1,37.00509523,-120.11047572,3
2013,2013-04-27,215,4,1,2,6,N,A,N,A,H,C,A,01,E,01,E,,,,,I,Y,N,D,1,0,0,0,23152.0,1,36.88991399,-119.803496,3
2013,2013-04-30,1110,4,1,11,2,N,A,N,A,B,A,-,- ,S,18,F,,,Y,,A,N,N,D,1,0,0,1,,1,37.08028591,-119.6953091,4
2013,2013-05-09,753,5,1,7,4,N,A,Y,A,D,A,A,01,N,03,C,,,,,C,N,N,D,2,0,0,0,22350.0,2,36.9642108,-120.0677944,4
2013,2013-05-08,1615,5,1,16,3,N,A,N,A,H,A,A,07,E,08,E,,,,,I,Y,N,D,1,0,0,0,22107.0,1,37.0782588,-119.8732913,4
2013,2013-05-14,1922,5,1,19,2,N,-,N,A,H,A,L,04,E,- ,D,,Y,,,G,N,N,A,1,0,1,0,,2,36.9744556,-120.0562085,3
2013,2013-05-18,705,5,1,7,6,N,A,N,A,H,A,A,01,W,01,E,,,,,I,Y,N,A,1,0,0,0,23152.0,1,36.8516969,-119.91035163,3
2013,2013-05-19,1420,5,1,14,7,N,A,Y,A,H,A,C,02,S,03,F,,,Y,,A,N,N,D,1,0,0,1,22350.0,1,37.0838665,-120.2093723,4
2013,2013-05-21,1713,5,1,17,2,N,A,Y,A,H,A,A,01,N,07,B,,,,,C,N,N,D,1,0,0,0,21658.0,2,36.9293151,-120.0268627,3
2013,2013-05-16,505,5,1,5,4,N,A,Y,B,A,B,A,01,S,08,D,,,,,E,Y,N,D,2,0,0,0,22107.0,1,36.9586353,-120.0619715,4
2013,2013-05-21,1915,5,1,19,2,N,A,Y,A,H,A,A,01,N,03,C,,,,,C,N,N,D,1,0,0,0,22350.0,2,36.9271004,-120.0248092,4
2013,2013-05-01,1455,5,1,14,3,Y,A,N,A,H,A,L,04,,05,D,,Y,,,G,N,N,D,1,0,1,0,21650.0,2,36.9605751,-120.0616627,4
2013,2013-05-16,1639,5,1,16,4,Y,A,N,A,H,A,-,- ,,09,D,,,,,C,N,N,A,1,0,0,0,21802.0,2,36.9601251,-120.0741028,3
2013,2013-04-27,2045,4,1,20,6,Y,A,N,A,H,C,-,- ,,09,D,,,,,C,N,N,A,1,0,0,0,21800.0,2,36.9601151,-120.0927827,4
2013,2013-05-20,1600,5,1,16,1,N,A,Y,A,H,A,A,08,S,03,C,,,,,C,Y,N,D,1,0,0,0,22350.0,2,36.9063418,-120.0030581,4
2013,2013-06-03,1719,6,2,17,1,N,A,N,A,H,A,A,01,S,03,C,,,,,C,Y,N,D,1,0,0,0,22350.0,2,37.0181356,-120.0743328,4
2013,2013-05-17,1708,5,1,17,5,Y,A,Y,A,H,A,A,08,,03,C,,,,,C,Y,N,D,4,0,0,0,22350.0,3,37.2338749,-119.7064724,3
2013,2013-05-12,2154,5,1,21,7,N,A,N,A,H,D,A,07,N,08,E,,,,,I,Y,N,D,1,0,0,0,22107.0,1,37.22791797,-119.48818356,3
2013,2013-05-05,1610,5,1,16,7,N,A,Y,A,H,A,A,01,N,01,E,,,,,I,Y,N,D,1,0,0,0,23152.0,1,37.3436098,-119.6422015,3
2013,2013-05-12,1530,5,1,15,7,N,A,Y,A,H,A,A,07,S,08,E,,,,,I,N,N,D,1,0,0,0,22107.0,1,37.4226907,-119.6363851,4
2013,2013-05-14,1730,5,1,17,2,N,A,Y,A,H,A,A,01,S,03,C,,,,,C,Y,N,D,2,0,0,0,22350.0,3,36.8925877,-119.7925586,4
2013,2013-05-06,1120,5,1,11,1,N,A,N,A,H,A,A,01,N,08,E,,,,,I,Y,N,D,2,0,0,0,22107.0,1,37.03805861,-119.71947312,2
2013,2013-05-23,820,5,1,8,4,N,A,N,A,H,A,A,07,E,03,C,,,,,C,N,N,A,1,0,0,0,22350.0,2,36.92324391,-119.97365445,4
2013,2013-05-18,1200,5,1,12,6,N,A,N,A,H,A,A,01,N,09,D,,,,,C,N,N,D,1,0,0,0,21801.0,2,36.99682323,-119.71980572,4
2013,2013-05-28,300,5,1,3,2,N,A,Y,A,H,D,A,07,N,08,F,,,,,I,Y,N,D,1,0,0,0,22107.0,1,37.0990351,-119.7478027,3
2013,2013-05-21,1658,5,1,16,2,Y,A,N,A,H,A,A,01,,09,D,,,,,C,Y,N,D,5,0,0,0,21801.0,3,37.05426,-120.029229,3
2013,2013-06-08,2000,6,2,20,6,N,A,Y,A,H,B,A,01,S,08,E,,,,,I,Y,N,D,1,0,0,0,22107.0,1,36.8435446,-119.9338392,4
2013,2013-06-05,1015,6,2,10,3,N,A,Y,A,H,A,A,07,N,03,C,,,,,D,Y,N,D,1,0,0,0,22350.0,2,36.9885446,-120.091638,4
2013,2013-06-01,1208,6,2,12,6,N,A,N,A,H,A,C,02,E,08,F,,,Y,,A,N,N,D,1,0,0,1,22107.0,1,37.02038445,-119.70056891,3
2013,2013-06-08,1932,6,2,19,6,N,A,Y,A,H,A,A,01,S,07,E,,,,,I,Y,M,D,1,0,0,0,21658.0,2,36.958466,-120.0615736,3
2013,2013-05-31,1800,5,1,18,5,N,A,Y,A,H,A,A,01,S,05,A,,,,,C,Y,N,D,1,0,0,0,21651.0,2,36.8486151,-119.9431427,2
2013,2013-06-01,1523,6,2,15,6,N,A,N,A,H,A,C,02,N,03,E,,,Y,,J,N,N,D,1,0,0,1,22350.0,1,37.38247276,-119.52290118,2
2013,2013-05-31,550,5,1,5,5,N,A,Y,A,H,A,G,25,N,03,C,,,,Y,C,Y,N,D,1,0,0,0,22350.0,3,36.9662311,-120.0698327,4
2013,2013-05-31,530,5,1,5,5,N,A,Y,A,H,A,A,01,N,02,C,,,,Y,C,Y,F,D,5,0,0,0,22400.0,10,36.9569875,-120.0602608,3
2013,2013-05-29,1140,5,1,11,3,N,A,Y,A,H,A,A,01,W,08,E,,,,,I,Y,N,D,1,0,0,0,22107.0,1,37.0834749,-120.384517,3
2013,2013-06-29,2030,6,2,20,6,N,A,N,A,H,B,A,07,N,01,F,,,,,A,Y,N,D,1,0,0,0,23152.0,1,36.92478348,-120.11050969,4
2013,2013-06-13,1649,6,2,16,4,N,A,N,A,H,A,A,01,W,08,D,,,,,C,Y,N,D,5,0,0,0,22107.0,2,36.9230714,-119.805733,3
2013,2013-06-29,1602,6,2,16,6,N,A,Y,A,H,A,A,01,S,08,E,,,,,I,Y,N,D,3,0,0,0,22107.0,2,36.9059021,-120.0025984,4
2013,2013-06-22,1015,6,2,10,6,N,A,N,A,H,A,C,02,N,17,F,,,Y,,A,N,N,D,1,0,0,1,21662.0,1,37.03014,-119.70402,3
2013,2013-06-08,1220,6,2,12,6,N,A,N,A,H,A,B,07,E,08,G,Y,,,,B,N,N,D,1,1,0,0,22107.0,2,36.9435307,-120.0284654,4
2013,2013-07-04,1905,7,2,19,4,N,A,N,A,H,A,A,01,N,08,F,,,,,A,Y,N,D,1,0,0,0,22107.0,1,36.94850277,-119.89402056,3
2013,2013-06-26,1935,6,2,19,3,N,A,Y,A,H,A,D,22,S,01,E,,,,,J,Y,N,D,1,0,0,0,23152.0,1,36.921412,-120.0560518,2
2013,2013-06-23,1625,6,2,16,7,Y,B,N,A,H,A,A,07,,09,D,,,,,C,Y,N,D,4,0,0,0,21802.0,2,36.952825,-120.2561028,3
2013,2013-06-19,645,6,2,6,3,N,A,N,A,H,A,D,22,W,09,D,,,,,C,Y,N,D,1,0,0,0,21804.0,2,36.9229251,-119.9170893,4
2013,2013-06-25,845,6,2,8,2,N,A,N,A,H,A,A,01,W,03,C,,,,,C,Y,M,A,2,0,0,0,22350.0,4,36.89153,-119.79647,4
2013,2013-05-25,1450,5,1,14,6,Y,A,N,A,H,A,A,01,,12,D,,,,,C,Y,N,D,1,0,0,0,22450.0,2,36.9868751,-120.0632027,4
2013,2013-04-19,1430,4,1,14,5,Y,A,N,A,H,A,D,22,,12,D,,,,,C,Y,N,A,3,0,0,0,22450.0,2,37.1270451,-120.1510528,2
2013,2013-06-21,738,6,2,7,5,N,A,Y,A,D,A,A,08,N,03,C,,,,,C,Y,N,D,2,0,0,0,22350.0,2,36.8543425,-119.9494673,4
2013,2013-06-26,745,6,2,7,3,Y,A,N,A,H,A,A,01,,09,D,,,,,C,Y,N,A,2,0,0,0,21802.0,2,36.923825,-120.07423729,4
2013,2013-07-07,1346,7,2,13,7,N,A,Y,A,H,A,D,22,S,03,C,,,,,C,Y,N,D,1,0,0,0,22350.0,2,36.9083258,-120.0051185,4
2013,2013-06-13,122,6,2,1,4,N,A,Y,A,G,D,A,01,E,01,F,,,,,C,Y,F,D,2,0,0,0,23152.0,2,37.0833351,-120.3953366,3
2013,2013-06-05,1300,6,2,13,3,Y,A,N,A,H,A,A,01,,12,D,,,,,C,Y,N,A,1,0,0,0,22450.0,2,37.018233,-120.147021,4
2013,2013-06-06,2325,6,2,23,4,N,A,Y,A,H,C,-,- ,S,08,E,,,,,I,Y,N,D,1,0,0,0,22107.0,1,37.0828752,-120.2070934,3
2013,2013-06-01,310,6,2,3,6,N,A,Y,A,H,C,A,07,N,08,E,,,,,I,Y,F,D,1,0,0,0,22107.0,1,36.8770962,-119.7928817,3
2013,2013-05-29,135,5,1,1,3,N,A,Y,A,H,C,C,02,S,03,C,,,Y,,C,Y,N,D,1,0,0,1,22350.0,2,37.1218793,-120.2611841,2
2013,2013-06-08,1625,6,2,16,6,Y,A,Y,A,H,A,A,01,,03,C,,,,,C,Y,N,D,2,0,0,0,22350.0,2,36.9944179,-120.0005514,4
2013,2013-06-08,1330,6,2,13,6,N,A,N,A,H,A,A,07,S,03,C,,,,,C,N,N,A,1,0,0,0,22350.0,2,36.96666654,-119.87582177,4
2013,2013-05-24,1400,5,1,14,5,N,A,Y,A,H,A,C,02,N,03,F,,,Y,,A,Y,N,D,2,0,0,2,22350.0,1,37.2021306,-119.7226654,3
2013,2013-05-31,1445,5,1,14,5,Y,A,N,A,H,A,A,01,,09,D,,,,,C,N,N,A,1,0,0,0,21802.0,2,37.325583,-119.6402625,4
2013,2013-05-31,2100,5,1,21,5,N,A,N,A,H,D,A,01,N,01,F,,,,,A,Y,N,D,1,0,0,0,23152.0,1,37.28869667,-119.58169162,4
2013,2013-05-30,2500,5,1,25,4,N,A,N,A,H,D,A,01,E,08,F,,,,,A,Y,N,D,1,0,0,0,22107.0,1,37.30935684,-119.53545123,3
2013,2013-06-01,1438,6,2,14,6,N,A,Y,A,G,A,A,01,N,09,D,,,,,C,Y,N,D,2,0,0,0,21801.0,2,37.3675851,-119.6300127,2
2013,2013-06-14,1330,6,2,13,5,N,A,Y,A,D,A,C,02,S,08,F,,,Y,,A,N,N,D,1,0,0,1,22107.0,1,36.8786993,-119.792966,3
2013,2013-06-21,2100,6,2,21,5,N,A,N,A,H,D,-,- ,N,18,E,,,Y,,H,N,N,D,1,0,0,1,,1,37.22928122,-119.52763081,3
2013,2013-06-13,930,6,2,9,4,N,A,N,A,H,A,C,02,E,01,B,,,Y,,C,Y,N,A,1,0,0,1,23152.0,2,37.2135169,-119.6864423,2
2013,2013-06-17,725,6,2,7,1,N,A,N,A,H,A,A,01,W,08,F,,,,,A,Y,N,D,1,0,0,0,22107.0,1,37.22959089,-119.76593792,3
2013,2013-06-16,635,6,2,6,7,Y,A,Y,A,H,A,A,01,,09,D,,,,,C,Y,N,D,2,0,0,0,21804.0,2,37.4404198,-119.6483607,3
2013,2013-06-16,1130,6,2,11,7,N,A,N,A,H,A,C,02,W,03,F,,,Y,,A,Y,N,D,1,0,0,1,22350.0,1,37.2289121,-119.7562868,4
2013,2013-06-11,1500,6,2,15,2,N,A,Y,A,A,A,-,- ,N,18,F,,,Y,,A,N,N,A,1,0,0,1,,1,37.4353441,-119.6427928,3
2013,2013-06-07,1230,6,2,12,5,N,A,Y,A,H,A,D,22,S,03,C,,,,,C,Y,N,D,1,0,0,0,22350.0,2,37.3433541,-119.7102803,4
2013,2013-06-07,1115,6,2,11,5,N,A,N,A,H,A,C,02,W,01,E,,,Y,,I,Y,N,D,1,0,0,1,23152.0,1,37.2118609,-119.5262911,3
2013,2013-05-23,1820,5,1,18,4,N,-,N,-,-,-,-,- ,N,03,E,,,,,I,Y,N,D,1,0,0,0,22350.0,1,36.9493259,-120.04842728,3
2013,2013-05-28,1142,5,1,11,2,Y,A,N,A,H,A,-,- ,,03,E,,,,,I,Y,N,D,1,0,0,0,22350.0,1,36.9703651,-120.0620627,3
2013,2013-05-08,750,5,1,7,3,N,A,N,A,H,A,-,- ,E,09,D,,,,,C,N,N,A,1,0,0,0,21802.0,2,36.98677423,-120.04449248,4
2013,2013-06-07,1000,6,2,10,5,N,A,N,A,H,A,A,01,W,- ,E,,,,,I,Y,N,D,1,0,0,0,,1,36.959895,-120.0422835,3
2013,2013-06-05,2053,6,2,20,3,N,A,N,A,H,C,-,- ,N,03,C,,,,,C,Y,N,D,1,0,0,0,22350.0,2,36.9408799,-120.07404506,4
2013,2013-06-07,1020,6,2,10,5,N,A,N,A,H,A,A,01,E,08,E,,,,,I,Y,N,D,3,0,0,0,22107.0,1,37.01824932,-120.28879344,3
2013,2013-06-07,1635,6,2,16,5,N,A,N,A,H,A,A,07,S,01,C,,,,,C,N,N,D,2,0,0,0,23152.0,2,36.99636337,-120.12863338,4
2013,2013-06-08,1800,6,2,18,6,Y,A,N,A,H,A,A,07,,09,D,,,,,C,Y,N,D,2,0,0,0,21802.0,2,36.99643192,-120.20227969,3
2013,2013-06-11,1405,6,2,14,2,N,A,Y,A,H,A,A,01,S,03,C,,,,,C,Y,N,D,1,0,0,0,22350.0,2,37.1392513,-119.7333821,4
2013,2013-07-01,1125,7,2,11,1,N,A,Y,A,H,A,A,07,N,17,E,,,,,I,Y,N,D,1,0,0,0,21662.0,1,37.3918944,-119.6343601,4
2013,2013-07-03,800,7,2,8,3,N,A,N,A,H,A,-,- ,E,18,F,,,Y,,A,Y,N,D,1,0,0,1,,1,37.37804,-119.71867,3
2013,2013-06-23,1505,6,2,15,7,N,B,Y,A,H,A,C,02,S,03,C,,,Y,,C,N,N,D,1,0,0,1,22350.0,2,37.3430547,-119.6423711,3
2013,2013-06-26,1245,6,2,12,3,N,A,N,A,H,A,C,02,E,08,E,,,Y,,I,N,N,D,1,0,0,1,22107.0,1,37.32759272,-119.60050285,4
2013,2013-06-26,1244,6,2,12,3,N,A,N,A,H,A,C,02,E,08,G,,,Y,,A,N,N,D,1,0,0,1,22107.0,1,37.32759343,-119.60040718,3
2013,2013-05-29,1650,5,1,16,3,N,A,Y,A,H,A,A,07,S,08,F,,,,,A,Y,N,D,1,0,0,0,22107.0,1,37.4251691,-119.6365247,4
2013,2013-06-10,700,6,2,7,1,N,A,Y,A,H,A,A,01,S,08,E,,,,,I,Y,N,D,1,0,0,0,22107.0,1,36.9951367,-120.100173,3
2013,2013-06-14,1135,6,2,11,5,Y,A,N,A,H,A,A,01,,09,D,,,,,C,Y,N,D,2,0,0,0,21802.0,2,36.9991151,-120.0804727,4
2013,2013-07-02,1200,7,2,12,2,N,B,N,A,H,A,D,23,S,03,C,,,,,C,Y,N,D,1,0,0,0,22350.0,2,37.11063137,-120.38267255,4
2013,2013-06-27,1640,6,2,16,4,N,A,N,A,H,A,A,01,E,03,C,,,,,C,Y,N,D,1,0,0,0,22350.0,2,36.922895,-119.8733843,4
2013,2013-06-24,1135,6,2,11,1,N,B,N,A,H,A,A,01,S,08,E,,,,,I,Y,N,D,2,0,0,0,22107.0,1,36.91748991,-119.85782504,3
2013,2013-06-18,545,6,2,5,2,Y,A,N,A,H,D,A,08,,09,A,,,,,C,Y,N,A,4,0,0,0,21802.0,2,36.851283,-120.09213,3
2013,2013-06-26,1550,6,2,15,3,N,A,N,A,H,A,C,02,E,03,E,,,Y,,I,Y,N,D,1,0,0,1,22350.0,1,37.055272,-119.69832212,2
2013,2013-05-27,1800,5,1,18,1,Y,A,Y,A,H,A,A,01,,01,A,,,,,C,Y,N,D,2,0,0,0,23152.0,2,37.3308461,-119.6558633,4
2013,2013-06-30,232,6,2,2,7,N,A,N,A,H,D,A,01,N,12,E,,,,,I,Y,N,A,1,0,0,0,22450.0,1,37.01057917,-119.73548591,4
2013,2013-07-07,1345,7,2,13,7,N,A,Y,A,H,A,A,01,S,08,E,,,,,I,N,N,D,1,0,0,0,22107.0,1,36.9083258,-120.0051185,4
2013,2013-04-04,1054,4,1,10,4,N,A,Y,A,H,A,A,01,,09,D,,,,,C,Y,N,D,1,0,0,0,21801.0,2,37.1131001,-120.2720199,4
2013,2013-06-06,752,6,2,7,4,N,A,N,A,H,A,A,01,,09,D,,,,,C,Y,N,D,1,0,0,0,21800.0,2,37.1151951,-120.2661027,4
2013,2013-07-06,505,7,2,5,6,N,A,Y,A,H,B,D,22,S,05,E,,,,,I,Y,N,D,1,0,0,0,21650.0,1,37.0851551,-119.7568327,3
2013,2013-07-07,1430,7,2,14,7,N,A,Y,A,H,A,A,08,N,03,C,,,,,C,Y,N,D,1,0,0,0,22350.0,2,36.926157,-120.0241291,4
2013,2013-07-04,2245,7,2,22,4,N,A,N,A,H,D,A,01,W,03,C,,,,,C,Y,N,D,3,0,0,0,22350.0,2,37.01831428,-120.24231255,3
2013,2013-06-20,1935,6,2,19,4,N,A,Y,A,D,A,D,22,N,03,C,,,,Y,C,Y,N,D,1,0,0,0,22350.0,4,36.9407392,-120.0385141,4
2013,2013-06-12,835,6,2,8,3,N,A,N,A,H,A,A,01,S,09,A,,,,,C,Y,N,D,1,0,0,0,21801.0,2,36.9012164,-119.793247,4
2013,2013-06-11,1440,6,2,14,2,N,A,Y,A,H,A,A,07,N,08,B,,,Y,,C,Y,N,D,1,0,0,1,22107.0,2,37.0956651,-119.7512027,4
2013,2013-07-11,2240,7,2,22,4,N,A,Y,A,H,D,D,22,E,01,A,,,,,C,Y,N,D,2,0,0,0,23152.0,3,36.9667107,-119.9725262,3
2013,2013-06-15,219,6,2,2,6,N,A,Y,A,H,C,A,01,W,03,C,,,,,E,Y,F,D,2,0,0,0,22350.0,2,37.1177428,-120.2666343,3
2013,2013-07-15,2255,7,2,22,1,N,A,Y,A,H,D,A,01,S,08,E,,,,,I,Y,N,D,1,0,0,0,22107.0,1,37.0393689,-120.1539783,4
2013,2013-06-28,220,6,2,2,5,N,A,Y,A,H,D,D,22,N,03,C,,,,,C,Y,N,D,3,0,0,0,22350.0,2,36.8944185,-119.9907314,2
2013,2013-06-26,1551,6,2,15,3,N,A,N,A,H,A,C,02,E,03,F,,,Y,,A,Y,N,D,1,0,0,1,22350.0,1,37.05528057,-119.69830424,3
2013,2013-06-24,1325,6,2,13,1,Y,A,N,A,H,A,N,60,,11,G,Y,,,,B,N,N,A,1,1,0,0,21456.0,2,36.9745152,-120.0444727,3
2013,2013-06-18,2346,6,2,23,2,N,-,N,-,-,-,-,- ,S,01,A,,,,,I,Y,N,D,2,0,0,0,23152.0,1,36.9617293,-120.0930328,3
2013,2013-06-14,1042,6,2,10,5,N,A,N,A,H,-,-,- ,S,12,D,,Y,,,G,N,N,A,1,0,1,0,22450.0,2,36.9647479,-120.0553756,4
2013,2013-07-01,700,7,2,7,1,N,A,N,A,H,A,A,01,W,08,E,,,,,I,Y,N,A,1,0,0,0,22107.0,1,36.974514,-120.0515738,4
2013,2013-07-03,1133,7,2,11,3,N,A,Y,A,H,A,-,- ,S,10,G,Y,,,,B,N,N,A,1,1,0,0,21950.0,2,36.9638732,-120.0565281,4
2013,2013-07-04,1640,7,2,16,4,Y,A,N,A,H,A,-,- ,,09,D,,,,,C,N,N,A,1,0,0,0,21802.0,2,36.9772351,-120.0562127,3
2013,2013-07-08,2141,7,2,21,1,Y,A,N,A,H,C,-,- ,,09,D,,,,,C,N,N,A,3,0,0,0,21801.0,2,36.9665651,-120.0572627,4
2013,2013-07-02,1846,7,2,18,2,N,A,N,A,H,A,-,- ,S,07,C,,,,,C,Y,N,D,1,0,0,0,21658.0,2,36.9794391,-120.0742928,3
2013,2013-07-21,821,7,2,8,7,N,A,Y,A,H,A,A,01,N,09,D,,,,,C,Y,N,D,1,0,0,0,21801.0,2,36.9739291,-120.0424059,4
2013,2013-07-29,655,7,2,6,1,N,A,Y,A,H,A,A,01,E,10,G,Y,,,,B,N,N,D,1,1,0,0,21950.0,2,36.974661,-120.0411117,2
2013,2013-07-21,1700,7,2,17,7,N,A,N,A,H,A,-,- ,N,18,E,,,,,I,N,N,D,1,0,0,0,,1,36.9762699,-120.0845896,4
2013,2013-07-27,106,7,2,1,6,N,A,N,A,H,C,-,- ,W,03,E,,,,,I,N,N,D,1,0,0,0,22350.0,1,36.98797687,-120.10638356,4
2013,2013-07-18,1115,7,2,11,4,N,A,Y,A,H,A,A,01,S,21,B,,,,,C,N,N,D,1,0,0,0,22106.0,2,36.9225498,-119.7985127,4
2013,2013-07-22,2055,7,2,20,1,N,B,N,B,H,D,D,22,W,03,F,,,,,A,Y,N,D,1,0,0,0,22350.0,1,37.30830721,-119.52997863,4
2013,2013-07-13,1350,7,2,13,6,N,A,N,A,H,A,D,22,N,08,D,,,,,C,Y,N,D,1,0,0,0,22107.0,2,37.24120066,-119.50473905,4
2013,2013-07-18,1020,7,2,10,4,N,A,Y,A,H,A,A,01,S,05,A,,,,,C,Y,N,D,3,0,0,0,21460.0,2,37.3585345,-119.6445392,2
2013,2013-07-17,650,7,2,6,3,Y,A,Y,A,H,A,A,07,,08,D,,,,,C,Y,N,D,2,0,0,0,22100.0,2,37.3950503,-119.7376427,4
2013,2013-07-19,950,7,2,9,5,N,A,N,A,H,A,A,01,W,01,B,,,,,C,Y,N,D,2,0,0,0,23152.0,2,37.31463103,-119.63193119,3
2013,2013-09-19,1424,9,3,14,4,N,A,N,B,H,A,A,07,N,22,E,,,,,I,Y,N,D,1,0,0,0,,1,37.65175583,-119.07393694,4
2013,2013-07-24,415,7,2,4,3,N,A,N,A,H,D,A,01,W,01,E,,,,,I,Y,N,D,1,0,0,0,23152.0,1,37.05429234,-120.03721118,3
2013,2013-07-27,5,7,2,0,6,N,A,Y,A,H,D,A,07,S,01,F,,,,,A,Y,N,D,1,0,0,0,23152.0,1,36.8668757,-119.9618836,2
2013,2013-07-28,2335,7,2,23,7,N,A,Y,A,H,D,A,07,N,01,E,,,,,I,Y,N,D,1,0,0,0,23152.0,1,37.0990351,-119.7478027,3
2013,2013-07-24,1150,7,2,11,3,Y,A,N,A,H,A,-,- ,,09,D,,,,,C,N,N,A,3,0,0,0,21802.0,2,36.9746851,-120.1011627,3
2013,2013-07-20,1240,7,2,12,6,Y,A,N,A,H,A,A,01,,12,D,,,,,C,Y,N,D,2,0,0,0,22450.0,2,37.01802944,-120.38335741,3
2013,2013-07-29,2200,7,2,22,1,N,A,N,A,H,D,G,25,S,09,D,,,,Y,C,Y,N,D,1,0,0,0,21804.0,2,36.87595744,-119.91123497,3
2013,2013-07-18,1825,7,2,18,4,N,A,N,A,H,A,O,05,W,09,D,,,Y,,C,N,N,D,1,0,0,1,21804.0,2,36.8295441,-120.08787721,3
2013,2013-07-20,2305,7,2,23,6,N,A,Y,A,H,D,D,22,E,01,D,,,,,C,Y,N,D,2,0,0,0,23152.0,2,37.0103161,-119.8485845,3
2013,2013-08-08,2048,8,2,20,4,N,A,Y,A,H,D,G,25,N,03,C,,,,Y,C,Y,N,D,2,0,0,0,22350.0,2,36.9970773,-120.1032335,4
2013,2013-07-30,1753,7,2,17,2,N,A,N,A,H,A,A,07,W,03,C,,,,,C,Y,N,D,2,0,0,0,22350.0,3,37.0541864,-120.0160544,3
2013,2013-07-25,950,7,2,9,4,N,B,N,A,H,A,A,01,W,05,E,,,,,J,Y,N,D,1,0,0,0,21650.0,1,,,4