ACCIDENT_YEAR,COLLISION_DATE,COLLISION_TIME,MONTH,SEASON,24HOURS,DAY_OF_WEEK,INTERSECTION,WEATHER_1,STATE_HWY_IND,ROAD_SURFACE,ROAD_COND_1,LIGHTING,STWD_VEHTYPE_AT_FAULT,CHP_VEHTYPE_AT_FAULT,DIRECTION,PCF_VIOL_CATEGORY,TYPE_OF_COLLISION,PEDESTRIAN_ACCIDENT,BICYCLE_ACCIDENT,MOTORCYCLE_ACCIDENT,TRUCK_ACCIDENT,MVIW,TOW_AWAY,HIT_AND_RUN,CONTROL_DEVICE,NUMBER_INJURED,COUNT_PED_INJURED,COUNT_BICYCLIST_INJURED,COUNT_MC_INJURED,PCF_VIOLATION,PARTY_COUNT,POINT_Y,POINT_X,COLLISION_SEVERITY
2014,2014-04-13,2500,4,1,25,7,Y,A,N,A,H,A,A,01,,09,G,,Y,,,G,N,M,A,1,0,1,0,21802.0,2,36.94556604,-120.09486258,3
2014,2014-04-23,1130,4,1,11,3,N,A,Y,A,H,A,-,,N,10,G,Y,,,,B,Y,F,A,1,1,0,0,21950.0,2,36.93835507,-120.05601976,3
2014,2014-04-17,2126,4,1,21,4,Y,B,N,A,H,C,-,,,09,D,,,,,C,N,N,A,2,0,0,0,21802.0,2,36.95819002,-120.0627099,4
2014,2014-04-27,1940,4,1,19,7,N,A,N,A,H,A,A,08,W,03,C,,,,,C,N,N,D,1,0,0,0,22350.0,2,36.96709,-120.01232842,4
2014,2014-04-28,1820,4,1,18,1,Y,A,Y,A,H,A,-,- ,,12,D,,,,,C,N,N,A,1,0,0,0,21453.0,2,36.92385607,-120.05604975,4
2014,2014-05-01,1042,5,1,10,4,Y,A,Y,A,H,A,D,22,,03,C,,,,,C,N,N,D,1,0,0,0,22350.0,2,37.126864,-120.252481,4
2014,2014-04-22,2025,4,1,20,2,Y,A,N,A,H,C,-,,,03,E,,,,,I,Y,N,D,1,0,0,0,22350.0,1,36.98206009,-120.0641999,3
2014,2014-04-21,1915,4,1,19,1,Y,A,Y,A,H,A,A,01,,09,D,,,,,C,N,N,A,1,0,0,0,21804.0,2,36.96623689,-120.05309949,4
2014,2014-04-22,1611,4,1,16,2,Y,A,Y,A,H,A,-,,,09,D,,,,,C,Y,N,D,3,0,0,0,21801.0,2,36.95170017,-120.05606999,3
2014,2014-04-25,1440,4,1,14,5,N,B,N,A,H,A,A,01,W,08,E,,,,,I,Y,N,D,1,0,0,0,22107.0,1,36.86582882,-120.02293798,4
2014,2014-04-14,745,4,1,7,1,N,A,N,A,H,A,A,07,W,05,E,,,Y,,I,N,N,D,1,0,0,1,21460.0,2,36.93833249,-120.09932279,3
2014,2014-04-26,1543,4,1,15,6,Y,A,N,A,H,A,A,01,,12,D,,,,,C,Y,N,A,1,0,0,0,22450.0,2,37.12705007,-120.15106985,4
2014,2014-05-10,1133,5,1,11,6,N,A,N,A,H,A,D,22,N,21,C,,,,,C,N,N,A,3,0,0,0,22106.0,2,36.92314608,-119.87611,4
2014,2014-05-10,1650,5,1,16,6,N,A,N,A,H,A,A,01,N,05,A,,,,,C,Y,N,D,3,0,0,0,21460.0,2,37.12266221,-119.85967187,2
2014,2014-05-12,1415,5,1,14,1,Y,A,N,A,H,A,D,22,,12,B,,,,Y,C,Y,N,A,1,0,0,0,22450.0,3,37.13940002,-120.27443995,3
2014,2014-05-14,904,5,1,9,3,N,A,N,A,H,A,A,01,W,03,C,,,,,C,N,N,D,1,0,0,0,22350.0,2,36.89199701,-119.79598667,4
2014,2014-05-14,520,5,1,5,3,N,A,Y,A,H,B,D,22,S,03,C,,,,,C,Y,N,D,2,0,0,0,22350.0,3,36.85575212,-120.05592346,3
2014,2014-05-20,2115,5,1,21,2,N,B,N,A,C,D,D,22,S,08,E,,,,,I,Y,N,D,4,0,0,0,22107.0,1,36.97354812,-120.12851744,3
2014,2014-05-09,1338,5,1,13,5,N,A,N,A,H,A,D,22,E,01,F,,,,,A,Y,N,A,1,0,0,0,23152.0,1,37.05433155,-120.05246763,3
2014,2014-05-26,245,5,1,2,1,N,A,Y,A,H,D,D,22,N,08,E,,,,,I,Y,N,D,1,0,0,0,22107.0,1,37.05126545,-119.77460289,4
2014,2014-05-13,1401,5,1,14,2,Y,A,N,A,H,A,-,,,12,D,,,,,C,Y,N,A,1,0,0,0,21453.0,2,36.96108004,-120.06541996,4
2014,2014-04-18,1442,4,1,14,5,N,A,N,A,H,A,-,,E,01,B,,,,,E,N,M,D,1,0,0,0,23152.0,2,36.9796323,-120.06606574,4
2014,2014-05-04,1906,5,1,19,7,Y,A,N,A,H,A,L,04,,12,D,,Y,,,G,N,N,A,1,0,1,0,22450.0,2,36.93622009,-120.04639997,3
2014,2014-05-05,1200,5,1,12,1,N,A,N,A,H,A,A,01,E,07,H,,,Y,,A,Y,F,A,1,0,0,1,21658.0,2,36.97455,-120.08378697,3
2014,2014-05-08,953,5,1,9,4,N,A,Y,A,H,A,E,22,N,07,B,,,,,C,N,M,D,1,0,0,0,21658.0,2,37.13066347,-120.25796485,4
2014,2014-05-27,1540,5,1,15,2,N,A,Y,A,H,A,M,46,N,03,C,,,,Y,C,N,N,D,2,0,0,0,22350.0,2,36.91164601,-120.0085425,4
2014,2014-05-18,1830,5,1,18,7,Y,A,N,A,H,A,D,22,,09,D,,,,,C,Y,N,A,6,0,0,0,21802.0,2,36.9745201,-120.05966991,2
2014,2014-05-10,142,5,1,1,6,N,A,N,A,H,C,-,,N,01,B,,,,,E,Y,N,D,1,0,0,0,23152.0,2,36.96279384,-120.04866661,3
2014,2014-05-11,1146,5,1,11,7,N,A,N,A,H,A,-,,E,03,C,,,,,C,Y,N,A,3,0,0,0,22350.0,3,36.97466183,-120.075185,4
2014,2014-05-05,647,5,1,6,1,N,B,Y,A,H,A,-,- ,N,18,F,,,Y,,J,Y,N,D,2,0,0,2,,1,37.14846726,-120.28582833,3
2014,2014-05-07,2035,5,1,20,3,N,A,N,A,H,D,A,01,W,08,E,,,,,I,Y,N,D,1,0,0,0,22107.0,1,37.19846134,-119.90772843,4
2014,2014-05-27,1745,5,1,17,2,N,A,N,A,H,A,D,22,N,03,C,,,,,C,Y,N,D,1,0,0,0,22350.0,3,36.9673538,-120.12849079,4
2014,2014-05-31,2100,5,1,21,6,N,A,N,A,H,D,D,22,W,01,D,,,,,C,Y,N,D,1,0,0,0,23152.0,2,36.85127,-119.95083224,4
2014,2014-06-03,2107,6,2,21,2,N,A,Y,A,H,D,A,01,N,03,C,,,,,C,Y,N,A,1,0,0,0,22350.0,5,37.05527425,-119.77255254,4
2014,2014-05-16,1515,5,1,15,5,N,A,N,A,H,A,A,01,N,08,E,,,,,I,Y,N,D,1,0,0,0,22107.0,1,37.14579669,-119.91467893,4
2014,2014-05-07,1110,5,1,11,3,N,A,N,A,H,A,A,07,W,08,F,,,,,A,Y,N,D,1,0,0,0,22107.0,1,36.92305938,-119.83957559,3
2014,2014-05-08,2258,5,1,22,4,N,B,N,A,H,D,A,08,E,08,E,,,,,I,Y,N,D,1,0,0,0,22107.0,1,36.85125418,-120.11934119,4
2014,2014-05-13,1050,5,1,10,2,N,A,N,A,H,A,A,01,W,08,B,,,,,C,Y,N,D,1,0,0,0,22107.0,3,36.88027736,-119.81457381,3
2014,2014-05-16,1615,5,1,16,5,N,A,Y,A,H,A,A,01,N,03,C,,,,,C,Y,N,D,2,0,0,0,22350.0,2,36.96585611,-120.069491,4
2014,2014-06-03,740,6,2,7,2,N,A,N,A,H,A,A,07,W,03,C,,,,Y,C,Y,N,D,1,0,0,0,22350.0,2,37.21058858,-119.52941626,4
2014,2014-06-02,2040,6,2,20,1,N,A,N,A,H,D,D,22,E,01,E,,,,,I,Y,N,D,1,0,0,0,23152.0,1,37.21396,-119.51636,2
2014,2014-05-28,824,5,1,8,3,N,A,N,A,H,A,A,01,S,06,B,,,,Y,C,Y,N,D,2,0,0,0,21754.0,2,36.95551161,-120.01950993,4
2014,2014-05-26,1625,5,1,16,1,N,A,N,A,H,A,-,,S,09,A,,,,,C,N,N,D,6,0,0,0,21801.0,3,36.97172276,-120.09219,3
2014,2014-05-28,2021,5,1,20,3,N,A,Y,A,D,D,A,01,S,03,C,,,,,C,Y,N,D,2,0,0,0,22350.0,2,36.84854275,-119.94294621,4
2014,2014-05-23,1610,5,1,16,5,N,A,N,A,H,A,C,02,N,03,F,,,Y,,A,Y,N,D,1,0,0,1,22350.0,1,36.93527574,-120.03353944,3
2014,2014-05-18,1150,5,1,11,7,N,A,N,A,H,A,A,01,W,03,C,,,,,C,N,N,D,1,0,0,0,22350.0,2,36.96692001,-119.79491438,4
2014,2014-05-18,700,5,1,7,7,N,A,Y,A,H,A,-,- ,N,18,E,,,,,I,Y,N,D,1,0,0,0,,1,36.97631861,-120.07824037,4
2014,2014-05-14,830,5,1,8,3,N,A,Y,A,H,A,A,08,E,08,E,,,,,I,Y,N,A,1,0,0,0,22107.0,1,36.95508304,-120.05829576,3
2014,2014-05-09,2340,5,1,23,5,N,A,N,A,H,D,A,08,W,01,E,,,,,I,Y,N,D,1,0,0,0,23152.0,1,36.83677001,-120.09711909,2
2014,2014-05-24,1550,5,1,15,6,N,A,N,A,H,A,A,01,S,08,E,,,,,I,Y,N,D,3,0,0,0,22107.0,1,37.02929651,-119.79382752,3
2014,2014-05-25,1509,5,1,15,7,N,A,Y,A,H,A,A,01,N,08,E,,,,,I,Y,N,D,1,0,0,0,22107.0,1,36.97778305,-120.0803226,3
2014,2014-05-25,546,5,1,5,7,N,A,N,A,H,A,A,01,S,01,A,,,,,C,Y,N,A,2,0,0,0,23152.0,2,36.9866,-120.02869,3
2014,2014-05-25,1324,5,1,13,7,N,A,Y,A,H,A,A,01,W,08,E,,,,,I,Y,N,D,1,0,0,0,22107.0,1,37.01018391,-119.92499422,4
2014,2014-05-28,1745,5,1,17,3,N,A,Y,A,H,A,A,01,N,05,E,,,,,I,N,N,D,1,0,0,0,21650.0,2,37.06740207,-119.76693319,4
2014,2014-05-21,1215,5,1,12,3,N,A,N,A,H,A,A,01,W,03,C,,,,,C,N,N,D,1,0,0,0,22350.0,3,36.92386043,-120.02797172,4
2014,2014-05-21,1910,5,1,19,3,N,A,Y,A,D,A,A,01,N,03,C,,,,,C,Y,N,D,1,0,0,0,22350.0,2,36.85973891,-119.95467617,4
2014,2014-05-15,515,5,1,5,4,Y,A,N,A,H,B,-,,,09,D,,,,,C,Y,N,D,2,0,0,0,21800.0,2,36.97909007,-120.05494989,4
2014,2014-05-22,1226,5,1,12,4,Y,A,N,A,H,A,-,,,09,D,,,,,C,Y,N,A,2,0,0,0,21801.0,3,36.95350001,-120.0720899,3
2014,2014-05-24,308,5,1,3,6,N,A,N,A,H,C,A,01,N,01,E,,,,,I,Y,N,A,1,0,0,0,23152.0,1,36.99628053,-120.07430077,3
2014,2014-05-21,1701,5,1,17,3,N,A,N,A,H,A,-,,E,03,C,,,,,C,Y,N,A,1,0,0,0,22350.0,3,36.97453112,-120.05480656,4
2014,2014-05-26,1700,5,1,17,1,N,A,Y,A,H,A,D,22,N,08,F,,,,,A,Y,N,D,1,0,0,0,22107.0,1,36.9776798,-120.08019533,4
2014,2014-05-14,1520,5,1,15,3,Y,A,N,A,H,A,-,,,03,C,,,,,C,N,N,A,1,0,0,0,22350.0,3,36.9592001,-120.06373995,3
2014,2014-05-09,758,5,1,7,5,Y,B,N,A,H,A,-,,,08,D,,,,,C,N,N,A,1,0,0,0,22100.0,2,36.93908003,-120.05124995,3
2014,2014-05-13,2108,5,1,21,2,N,A,N,A,H,D,-,,W,01,E,,,,,I,Y,F,D,1,0,0,0,23152.0,1,36.93838451,-120.09170294,2
2014,2014-05-31,1350,5,1,13,6,N,A,N,A,H,A,C,02,W,08,F,,,Y,,A,Y,N,D,2,0,0,2,22107.0,1,37.33173814,-119.7715652,2
2014,2014-05-26,439,5,1,4,1,N,A,Y,A,H,D,A,01,S,03,E,,,,,I,Y,N,D,1,0,0,0,22350.0,1,37.42126677,-119.63434983,4
2014,2014-06-03,1310,6,2,13,2,N,A,Y,A,H,A,A,01,N,05,B,,,,,C,Y,N,D,1,0,0,0,21650.0,2,37.06331149,-119.76864364,4
2014,2014-05-22,1835,5,1,18,4,N,B,N,B,H,A,A,07,W,01,E,,,,,A,Y,N,D,2,0,0,0,23152.0,1,37.33183428,-119.57260641,3
2014,2014-05-26,2141,5,1,21,1,N,A,Y,A,H,C,A,01,N,03,C,,,,,C,Y,N,A,4,0,0,0,22350.0,2,37.15525483,-119.73166556,3
2014,2014-05-24,1520,5,1,15,6,N,A,N,A,H,A,C,02,E,03,E,,,Y,,I,Y,N,D,2,0,0,2,22350.0,1,37.32651166,-119.6019084,4
2014,2014-05-30,1820,5,1,18,5,N,A,Y,A,H,A,A,01,S,08,E,,,,,I,Y,N,D,1,0,0,0,22107.0,1,37.28119552,-119.66824701,4
2014,2014-05-30,1922,5,1,19,5,Y,A,Y,A,H,A,A,01,,03,C,,,,,C,Y,N,D,1,0,0,0,22350.0,2,37.28143929,-119.66801902,4
2014,2014-05-15,17,5,1,0,4,N,A,Y,A,H,D,A,01,S,08,E,,,,,I,Y,N,D,2,0,0,0,22107.0,1,37.19358765,-119.72165447,2
2014,2014-06-08,1715,6,2,17,7,N,-,N,-,-,-,C,02,N,08,E,,,Y,,A,N,N,A,1,0,0,1,22107.0,1,36.85265157,-119.90926597,3
2014,2014-06-25,1055,6,2,10,3,N,A,N,A,H,A,-,,S,08,D,,,,,C,N,N,D,2,0,0,0,22105.0,2,36.97172276,-120.09219,3
2014,2014-06-30,1300,6,2,13,1,N,A,Y,A,H,A,A,08,W,08,F,,,,,A,Y,N,D,1,0,0,0,22107.0,1,37.0103,-119.89667034,3
2014,2014-06-15,2058,6,2,20,7,N,A,N,A,H,C,N,60,W,11,G,Y,,,,B,N,N,D,1,1,0,0,21954.0,2,36.89201491,-119.79594824,3
2014,2014-06-29,1615,6,2,16,7,N,A,N,A,H,A,A,01,E,01,E,,,,,I,Y,N,D,1,0,0,0,23152.0,1,,,3
2014,2014-06-30,1825,6,2,18,1,Y,A,Y,A,H,A,A,01,,12,D,,,,,C,Y,N,A,3,0,0,0,21453.0,2,36.96127118,-120.06059042,3
2014,2014-06-24,1220,6,2,12,2,Y,A,N,A,H,A,-,,,09,D,,,,,C,N,N,D,3,0,0,0,21801.0,2,36.981801,-120.0922785,3
2014,2014-05-09,1325,5,1,13,5,N,A,Y,A,H,A,A,01,N,03,D,,,,,C,N,F,D,1,0,0,0,22350.0,2,37.33171636,-119.65455262,4
2014,2014-05-08,745,5,1,7,4,N,A,Y,A,H,A,A,07,S,03,C,,,,,C,Y,N,D,2,0,0,0,22350.0,2,37.24502068,-119.70549725,3
2014,2014-05-06,1615,5,1,16,2,N,C,N,B,H,A,A,01,S,08,E,,,,,I,Y,N,D,2,0,0,0,22107.0,1,37.30848642,-119.54570174,4
2014,2014-05-03,2010,5,1,20,6,N,A,Y,A,H,D,A,07,S,03,C,,,,,C,Y,N,D,3,0,0,0,22350.0,2,37.16909261,-119.72788452,4
2014,2014-05-06,1050,5,1,10,2,N,B,N,B,H,A,A,01,S,08,E,,,,,I,Y,N,D,1,0,0,0,22107.0,1,37.33235933,-119.56985495,2
2014,2014-06-08,1135,6,2,11,7,N,A,Y,A,H,A,A,07,S,08,E,,,,,I,Y,N,D,1,0,0,0,22107.0,1,37.3245691,-119.66134573,3
2014,2014-06-06,1305,6,2,13,5,N,A,N,A,H,A,N,60,S,11,G,Y,,,,B,N,N,D,1,1,0,0,21955.0,2,36.95558,-120.06888,3
2014,2014-06-08,1845,6,2,18,7,N,A,N,A,H,A,D,22,S,01,A,,,,,C,Y,F,D,2,0,0,0,23153.0,2,36.97510041,-120.07446471,3
2014,2014-06-04,1347,6,2,13,3,Y,A,N,A,H,A,-,- ,,18,H,,,,,A,N,N,A,1,0,0,0,,1,36.97459001,-120.10127991,3
2014,2014-05-01,830,5,1,8,4,N,A,N,A,H,A,A,01,E,- ,C,,Y,,,G,N,N,D,1,0,1,0,,2,37.17083525,-119.7576408,3
2014,2014-04-25,625,4,1,6,5,N,C,Y,B,H,D,-,- ,S,18,E,,,,,I,Y,N,D,1,0,0,0,,1,37.38432679,-119.73486035,4
2014,2014-04-18,1528,4,1,15,5,N,A,N,A,H,A,C,06,E,- ,E,,,Y,,I,N,N,D,3,0,0,3,,1,37.36466021,-119.72885728,2
2014,2014-04-26,30,4,1,0,6,N,B,Y,B,H,D,N,60,N,11,G,Y,,,,B,N,N,D,1,1,0,0,21956.0,2,37.33267705,-119.65874398,2
2014,2014-04-18,1710,4,1,17,5,N,B,Y,A,H,A,C,02,N,03,F,,,Y,,A,Y,N,D,1,0,0,1,22350.0,1,37.28670168,-119.65402742,4
2014,2014-04-15,1910,4,1,19,2,N,A,N,A,H,A,A,01,W,08,E,,,,,I,Y,N,D,1,0,0,0,22107.0,1,37.31419781,-119.60985888,4
2014,2014-04-09,100,4,1,1,3,N,A,N,A,H,D,A,01,E,01,E,,,,,I,Y,N,D,1,0,0,0,23152.0,1,37.24014103,-119.55820964,3
2014,2014-05-03,2310,5,1,23,6,N,A,Y,A,H,D,A,01,N,08,E,,,,,I,Y,N,D,1,0,0,0,22107.0,1,37.04271129,-120.15913878,4
2014,2014-06-06,2244,6,2,22,5,N,A,Y,A,H,D,A,01,S,01,E,,,,,I,Y,N,D,1,0,0,0,23152.0,1,37.09169107,-119.75395699,3
2014,2014-06-04,1800,6,2,18,3,N,A,N,A,H,A,-,99,E,06,F,,,,,A,Y,F,D,1,0,0,0,21751.0,2,36.88038282,-119.8912758,3
2014,2014-06-04,30,6,2,0,3,N,A,N,A,H,D,A,07,S,01,E,,,,,I,Y,N,D,1,0,0,0,23152.0,1,37.07120379,-119.90520882,3
2014,2014-05-23,1504,5,1,15,5,Y,A,N,A,H,A,A,01,,09,A,,,,,C,Y,N,D,5,0,0,0,21801.0,3,37.09801004,-120.07461999,4
2014,2014-05-18,2217,5,1,22,7,Y,A,N,A,H,D,A,01,,01,E,,,,,J,Y,N,A,1,0,0,0,23152.0,1,37.0030501,-119.89002986,2
2014,2014-01-23,1500,1,4,15,4,N,A,N,A,H,A,-,,W,03,C,,,,,C,N,N,A,1,0,0,0,22350.0,3,36.95412687,-120.07126004,4
2014,2014-06-25,824,6,2,8,3,N,A,N,A,H,A,A,07,E,08,E,,,,,I,Y,N,D,1,0,0,0,22107.0,1,37.04010422,-120.19869344,4
2014,2014-06-23,745,6,2,7,1,Y,A,N,A,H,A,A,01,,09,D,,,,,C,Y,N,A,1,0,0,0,21802.0,2,36.94559002,-120.1102699,4
2014,2014-06-22,2105,6,2,21,7,N,A,Y,A,H,D,N,60,E,11,G,Y,,,,B,N,N,D,1,1,0,0,21956.0,2,36.99804986,-119.98090445,4
2014,2014-06-07,2349,6,2,23,6,N,A,Y,A,H,D,A,01,S,01,B,,,,,C,Y,N,D,1,0,0,0,23152.0,4,37.14965259,-119.73184992,3
2014,2014-06-18,1550,6,2,15,3,N,A,N,A,H,A,D,22,N,08,E,,,,,I,Y,N,D,1,0,0,0,22107.0,1,37.21629924,-119.76851017,3
2014,2014-06-06,354,6,2,3,5,N,A,Y,A,H,D,A,01,N,08,F,,,,,A,Y,N,D,1,0,0,0,22107.0,1,37.35239717,-119.72389485,4
2014,2014-06-13,1057,6,2,10,5,N,A,N,A,H,A,-,,W,03,C,,,,,C,N,N,D,2,0,0,0,22350.0,2,36.95274334,-120.07451301,4
2014,2014-06-11,730,6,2,7,3,N,A,N,A,H,A,-,,E,03,C,,,,,C,N,N,D,2,0,0,0,22350.0,3,36.93833,-120.07404,4
2014,2014-06-22,2025,6,2,20,7,N,A,N,A,H,A,A,08,S,01,F,,,,,I,Y,N,D,2,0,0,0,23153.0,1,36.96969443,-120.03963947,3
2014,2014-06-17,1734,6,2,17,2,N,A,Y,A,H,A,A,01,S,08,E,,,,,I,Y,N,D,1,0,0,0,22107.0,1,37.03935207,-119.78109072,4
2014,2014-06-18,450,6,2,4,3,Y,A,Y,D,G,A,-,- ,,18,E,,,Y,,I,N,N,A,1,0,0,1,,1,36.92181224,-120.0194394,4
2014,2014-06-14,1427,6,2,14,6,Y,A,N,A,H,A,A,01,,03,C,,,,,C,Y,N,A,1,0,0,0,22350.0,2,36.92304009,-119.88514997,4
2014,2014-05-30,1610,5,1,16,5,N,A,Y,A,H,A,A,01,N,03,C,,,,,C,Y,N,D,1,0,0,0,22350.0,2,36.8703103,-119.96532505,4
2014,2014-06-15,1045,6,2,10,7,N,A,Y,A,H,A,A,01,S,08,F,,,,,A,Y,N,D,1,0,0,0,22107.0,1,37.03955278,-120.15503955,4
2014,2014-06-05,720,6,2,7,4,Y,A,N,A,H,A,A,01,,09,D,,,,,D,Y,N,D,2,0,0,0,21802.0,2,36.98167004,-120.03791989,4
2014,2014-04-28,745,4,1,7,1,N,A,Y,A,H,A,C,02,N,03,F,,,Y,,A,Y,N,D,1,0,0,1,22350.0,1,36.89182259,-119.98767595,3
2014,2014-06-04,740,6,2,7,3,N,A,Y,A,H,A,D,22,N,08,E,,,,,I,Y,N,D,1,0,0,0,22107.0,1,37.0646748,-119.76807235,4
2014,2014-06-17,2351,6,2,23,2,N,A,Y,A,H,D,A,01,S,01,E,,,,,I,Y,N,D,2,0,0,0,23152.0,2,36.90396737,-120.00023659,3
2014,2014-06-22,415,6,2,4,7,N,A,Y,A,H,C,D,22,S,01,E,,,,,I,Y,N,D,1,0,0,0,23152.0,1,37.00046694,-119.79394349,3
2014,2014-06-01,1225,6,2,12,7,N,A,Y,A,H,A,D,22,S,08,D,,,,,C,Y,N,D,4,0,0,0,22107.0,2,36.84944216,-119.94437548,3
2014,2014-06-30,1655,6,2,16,1,Y,A,N,A,H,A,A,07,,12,D,,,,,C,Y,N,C,2,0,0,0,21453.0,3,36.99635009,-120.07424986,2
2014,2014-06-11,2116,6,2,21,3,N,A,N,A,H,D,A,01,E,08,E,,,,,I,Y,N,D,1,0,0,0,22107.0,1,37.32453105,-119.63685349,4
2014,2014-06-10,615,6,2,6,2,N,A,Y,A,H,A,A,01,N,08,E,,,,,I,Y,N,D,1,0,0,0,22107.0,1,37.26404976,-119.68119216,4
2014,2014-06-05,2015,6,2,20,4,N,A,N,A,H,B,-,- ,E,18,F,,Y,,,A,N,N,D,1,0,1,0,,1,37.3337237,-119.56952017,3
2014,2014-06-23,1830,6,2,18,1,N,A,N,A,H,A,C,02,E,03,E,,,Y,,I,Y,N,D,1,0,0,1,22350.0,1,37.32651166,-119.6019084,3
2014,2014-06-26,1015,6,2,10,4,N,A,Y,A,H,A,D,22,S,08,E,,,,,I,N,N,D,1,0,0,0,22107.0,1,37.03971804,-120.15532778,4
2014,2014-06-20,1040,6,2,10,5,N,A,N,A,H,A,A,01,W,08,D,,,,,C,Y,N,A,2,0,0,0,22107.0,2,36.99627065,-120.05630294,4
2014,2014-06-30,1650,6,2,16,1,N,A,Y,A,H,A,A,01,N,08,B,,,,Y,C,Y,N,D,2,0,0,0,22107.0,2,36.90988556,-120.00640214,3
2014,2014-06-29,1435,6,2,14,7,N,A,Y,A,H,A,E,22,S,03,C,,,,,C,Y,N,A,1,0,0,0,22350.0,2,36.96115383,-120.06046516,4
2014,2014-06-27,1530,6,2,15,5,Y,A,Y,A,H,A,A,07,,09,D,,,,,D,Y,N,A,1,0,0,0,21802.0,2,37.08389614,-120.25674763,4
2014,2014-06-30,1300,6,2,13,1,N,A,N,A,H,A,A,07,S,08,E,,,,,I,Y,N,D,1,0,0,0,22107.0,1,37.00745119,-119.73679255,3
2014,2014-07-01,935,7,2,9,2,Y,A,N,A,H,A,-,- ,,00,D,,,,,C,N,N,A,1,0,0,0,,2,36.96012003,-120.08006993,4
2014,2014-07-03,1015,7,2,10,4,N,A,N,A,H,A,A,07,N,08,D,,,,,C,Y,N,D,3,0,0,0,22107.0,2,36.98773359,-120.07426274,4
2014,2014-07-02,106,7,2,1,3,N,A,Y,A,D,D,A,01,N,01,E,,,,,I,Y,N,D,1,0,0,0,23152.0,1,36.92431388,-120.02267924,2
2014,2014-07-09,1107,7,2,11,3,N,A,Y,A,H,A,-,,S,03,C,,,,,C,Y,F,A,3,0,0,0,22350.0,5,36.97276513,-120.07392003,4
2014,2014-07-09,1900,7,2,19,3,Y,A,N,A,H,A,L,04,,05,H,,Y,,,G,N,N,D,1,0,1,0,21650.0,2,36.96238,-120.06351992,3
2014,2014-06-18,1040,6,2,10,3,N,A,Y,A,H,A,G,25,N,03,C,,,,Y,C,Y,N,D,1,0,0,0,22350.0,2,36.97517447,-120.07717318,4
2014,2014-07-14,1615,7,2,16,1,N,A,Y,A,H,A,A,01,W,03,C,,,,,C,Y,N,D,2,0,0,0,22350.0,3,36.96676625,-120.05230755,4
2014,2014-07-23,2355,7,2,23,3,N,A,Y,A,H,D,D,22,S,08,F,,,,,A,Y,N,D,3,0,0,0,22107.0,1,37.27990196,-119.66869306,3
2014,2014-07-09,1200,7,2,12,3,N,A,N,A,H,A,D,22,E,08,E,,,,,I,Y,N,D,2,0,0,0,22107.0,1,37.18750028,-119.41941351,3
2014,2014-07-06,845,7,2,8,7,N,A,N,A,H,A,D,22,N,09,D,,,,,C,Y,N,D,2,0,0,0,21804.0,2,37.35737055,-119.60830092,3
2014,2014-07-19,245,7,2,2,6,Y,A,N,A,H,D,A,01,,01,F,,,,,A,Y,N,D,1,0,0,0,23152.0,1,36.92848011,-119.86249996,3
2014,2014-07-23,1015,7,2,10,3,Y,A,N,A,H,A,A,01,,12,D,,,,,C,Y,N,A,1,0,0,0,22450.0,2,36.90936007,-120.03753997,3
2014,2014-07-16,1030,7,2,10,3,N,A,Y,A,H,A,A,01,N,07,-,,,Y,,C,Y,N,A,1,0,0,1,21658.0,2,37.01085116,-119.79390919,4
2014,2014-07-17,1550,7,2,15,4,N,A,Y,A,H,A,A,07,S,03,C,,,,,C,Y,N,D,1,0,0,0,22350.0,2,37.03582723,-120.14954929,4
2014,2014-07-16,2130,7,2,21,3,N,A,N,A,H,D,C,02,E,08,F,,,Y,,A,Y,N,D,1,0,0,1,22107.0,1,37.02036518,-119.70055908,2
2014,2014-07-15,1415,7,2,14,2,N,A,N,A,H,A,A,01,E,08,E,,,,,J,Y,N,D,1,0,0,0,22107.0,1,36.95268951,-120.18753135,4
2014,2014-07-12,2323,7,2,23,6,N,A,N,A,H,D,A,01,S,01,E,,,,,J,Y,N,A,2,0,0,0,23152.0,1,36.84215,-119.94218,2
2014,2014-07-17,1940,7,2,19,4,Y,A,N,A,H,A,A,01,,09,D,,,,,C,Y,N,D,2,0,0,0,21801.0,2,36.99401002,-120.02863,4
2014,2014-07-24,1250,7,2,12,4,N,A,N,A,H,A,N,60,S,11,G,Y,,,,B,N,N,D,1,1,0,0,21954.0,2,36.96150379,-120.05733111,4
2014,2014-07-24,1210,7,2,12,4,N,A,N,A,H,A,-,,E,03,C,,,,,C,N,N,D,2,0,0,0,22350.0,2,36.97454,-120.08093679,4
2014,2014-07-29,1048,7,2,10,2,Y,A,N,A,H,A,-,,,09,D,,,,,C,N,N,A,1,0,0,0,21802.0,2,36.95865001,-120.05436994,4
2014,2014-07-05,2015,7,2,20,6,N,A,Y,A,H,A,C,02,S,05,B,,,Y,,C,Y,N,D,1,0,0,1,21460.0,2,37.35543678,-119.64362502,2
2014,2014-07-16,1657,7,2,16,3,N,A,Y,A,H,A,C,02,S,08,E,,,Y,,I,Y,N,D,1,0,0,1,22107.0,1,37.36571626,-119.63064447,2
2014,2014-07-07,516,7,2,5,1,N,B,N,A,H,B,L,04,E,05,B,,Y,,,G,N,N,D,1,0,1,0,21650.0,2,37.19841321,-119.77245229,3
2014,2014-07-19,1243,7,2,12,6,N,A,Y,A,H,A,C,02,N,03,B,,,Y,,C,N,N,D,1,0,0,1,22350.0,2,37.26220587,-119.69940291,3
2014,2014-07-18,1923,7,2,19,5,N,A,N,A,H,D,A,01,N,01,F,,,,,I,Y,N,D,1,0,0,0,23152.0,1,37.31190238,-119.62936858,3
2014,2014-07-22,1033,7,2,10,2,N,A,Y,A,H,A,A,08,N,08,E,,,,,I,Y,N,D,1,0,0,0,22107.0,1,37.37264202,-119.72861978,3