ACCIDENT_YEAR,COLLISION_DATE,COLLISION_TIME,MONTH,SEASON,24HOURS,DAY_OF_WEEK,INTERSECTION,WEATHER_1,STATE_HWY_IND,ROAD_SURFACE,ROAD_COND_1,LIGHTING,STWD_VEHTYPE_AT_FAULT,CHP_VEHTYPE_AT_FAULT,DIRECTION,PCF_VIOL_CATEGORY,TYPE_OF_COLLISION,PEDESTRIAN_ACCIDENT,BICYCLE_ACCIDENT,MOTORCYCLE_ACCIDENT,TRUCK_ACCIDENT,MVIW,TOW_AWAY,HIT_AND_RUN,CONTROL_DEVICE,NUMBER_INJURED,COUNT_PED_INJURED,COUNT_BICYCLIST_INJURED,COUNT_MC_INJURED,PCF_VIOLATION,PARTY_COUNT,POINT_Y,POINT_X,COLLISION_SEVERITY
2018,2018-03-18,2052,3,1,20,7,N,A,Y,A,H,C,A,01,W,03,E,,,,,I,Y,N,A,1,0,0,0,22350.0,1,36.9732780456543,-120.04347229003906,3
2018,2018-03-23,2311,3,1,23,5,N,A,Y,A,H,C,A,01,S,01,A,,,,,C,Y,N,D,2,0,0,0,23153.0,2,36.94108581542969,-120.05602264404295,2
2018,2018-03-17,1734,3,1,17,6,N,A,Y,A,H,A,A,01,E,09,C,,,,,C,Y,N,A,3,0,0,0,21802.0,2,36.97202301025391,-120.04552459716795,3
2017,2017-10-31,1351,10,3,13,2,Y,A,N,A,H,A,A,01,,03,C,,,,,C,N,N,A,1,0,0,0,22350.0,2,37.12557011,-120.25648988,4
2018,2018-04-24,1704,4,1,17,2,N,A,N,A,H,A,A,01,E,00,E,,,,,I,Y,M,D,1,0,0,0,21352.0,1,36.975860595703125,-120.06653594970705,4
2018,2018-04-22,2016,4,1,20,7,N,A,N,A,H,C,A,01,N,01,C,,,,,C,Y,N,D,3,0,0,0,23153.0,2,36.947612762451165,-120.09213256835938,4
2018,2018-04-18,1711,4,1,17,3,N,A,N,A,H,A,A,01,N,10,G,Y,,,,B,N,N,A,2,2,0,0,21950.0,3,36.96736145019531,-120.0669403076172,4
2018,2018-04-24,1127,4,1,11,2,Y,A,N,A,H,A,A,01,,09,D,,Y,,,G,N,N,D,1,0,1,0,21800.0,2,36.96010971069336,-120.08870697021484,2
2018,2018-04-23,1036,4,1,10,1,N,A,N,A,H,A,D,22,S,08,D,,,,,C,N,N,D,1,0,0,0,22107.0,2,36.95928192138672,-120.06024932861328,4
2018,2018-03-22,2028,3,1,20,4,Y,A,N,B,H,C,D,22,,01,D,,,,,C,Y,N,A,3,0,0,0,23153.0,2,36.95846939086913,-120.06478118896484,3
2018,2018-04-16,2103,4,1,21,1,N,A,N,B,H,C,A,01,W,09,B,,,,,C,Y,F,D,2,0,0,0,21801.0,2,36.97454833984375,-120.07269287109376,4
2018,2018-04-18,1228,4,1,12,3,N,A,N,A,H,A,A,01,S,01,E,,,,,I,Y,M,A,1,0,0,0,23152.0,1,36.95632553100586,-120.0863800048828,3
2018,2018-03-19,1452,3,1,14,1,N,A,N,A,H,A,A,07,S,09,D,,Y,,,G,N,N,A,1,0,1,0,21800.0,2,36.97166061401367,-120.05622863769533,4
2018,2018-04-27,847,4,1,8,5,N,A,N,A,H,A,D,22,W,08,E,,,,,I,Y,N,D,1,0,0,0,22107.0,1,36.97454833984375,-120.08707427978516,4
2018,2018-05-03,217,5,1,2,4,Y,A,N,A,H,C,D,22,,03,C,,,,,C,N,N,D,1,0,0,0,22350.0,2,36.97452163696289,-120.05966949462892,4
2018,2018-05-10,1745,5,1,17,4,N,A,N,A,H,A,A,01,W,08,C,,,,,C,N,N,A,1,0,0,0,22107.0,2,36.98173141479492,-120.051513671875,4
2018,2018-05-11,20,5,1,0,5,N,A,N,A,H,C,A,01,W,08,B,,,,,E,Y,M,D,1,0,0,0,22107.0,6,36.984050750732415,-120.04853057861328,4
2018,2018-04-29,1030,4,1,10,7,N,A,N,A,H,A,A,01,S,01,B,,,,,E,Y,M,D,1,0,0,0,23152.0,2,36.93149185180664,-120.0476303100586,2
2018,2018-04-24,758,4,1,7,2,Y,A,N,A,H,A,A,01,,10,G,Y,,,,B,N,N,D,1,1,0,0,21950.0,2,36.95743179321289,-120.07086181640624,3
2018,2018-04-21,1539,4,1,15,6,Y,A,N,A,H,A,A,08,,09,D,,,,,C,Y,N,D,4,0,0,0,21804.0,3,36.957061767578125,-120.06687927246094,4
2018,2018-03-25,49,3,1,0,7,-,A,Y,A,H,C,-,99,,12,D,,,,,C,Y,M,D,1,0,0,0,22450.0,2,37.098270416259766,-120.21636199951172,3
2018,2018-03-14,1547,3,1,15,3,Y,-,N,-,-,-,D,22,,22,C,,,,,C,N,N,-,1,0,0,0,,3,37.098254,-120.217866,4
2018,2018-05-02,2250,5,1,22,3,N,A,Y,A,H,C,A,01,E,01,H,,,,,C,Y,N,A,2,0,0,0,23153.0,2,36.97335815429688,-120.07494354248048,3
2018,2018-04-29,1026,4,1,10,7,N,A,N,A,H,A,A,01,E,01,C,,,,,E,Y,F,D,1,0,0,0,23152.0,2,36.95483016967773,-120.05491638183594,3
2018,2018-05-11,1732,5,1,17,5,Y,-,N,A,H,A,D,22,,01,D,,,,,C,Y,N,D,2,0,0,0,23152.0,2,36.996479034423835,-120.0915069580078,2
2018,2018-06-09,133,6,2,1,6,N,A,N,A,H,C,A,01,W,01,E,,,,,E,Y,N,D,1,0,0,0,23152.0,4,36.96012115478516,-120.08716583251952,3
2018,2018-06-07,2133,6,2,21,4,Y,A,N,A,H,C,D,22,,12,D,,,,,C,Y,N,A,3,0,0,0,22450.0,2,36.95262,-120.03771,4
2018,2018-05-31,1823,5,1,18,4,N,A,N,A,H,A,A,01,E,09,A,,,,,C,Y,N,D,1,0,0,0,21801.0,2,36.974639892578125,-120.08712768554688,4
2018,2018-06-02,2044,6,2,20,6,Y,A,N,A,H,C,A,01,,09,D,,,,,C,Y,N,D,4,0,0,0,21804.0,3,36.94938,-120.0377,3
2018,2018-05-10,1851,5,1,18,4,Y,A,N,A,H,A,D,22,,08,G,Y,,,,B,Y,N,D,0,0,0,0,22107.0,2,37.125770568847656,-120.26708984375,1
2018,2018-08-28,2137,8,2,21,2,N,A,N,A,H,C,N,60,W,11,G,Y,,,,B,N,N,D,0,0,0,0,21954.0,2,36.959922790527344,-120.04554748535156,1
2019,2019-01-03,1609,1,4,16,4,Y,A,N,A,H,A,D,22,,09,D,,,,,C,Y,N,A,0,0,0,0,21801.0,3,36.97454833984375,-120.08702850341795,1
2019,2019-01-07,1821,1,4,18,1,N,A,N,A,H,D,N,60,S,11,G,Y,,,,B,N,N,A,0,0,0,0,21954.0,2,36.97308349609375,-120.07010650634766,1
2018,2018-08-03,1141,8,2,11,5,Y,A,N,A,H,A,J,48,,09,D,,,,,C,Y,N,D,2,0,0,0,21801.0,3,36.95832824707031,-120.05223083496094,4
2018,2018-08-28,1937,8,2,19,2,N,A,N,A,H,B,A,01,N,03,C,,,,,C,Y,N,D,3,0,0,0,22350.0,2,36.94708633422852,-120.04207611083984,4
2018,2018-06-26,200,6,2,2,2,N,A,Y,A,H,C,A,01,S,17,E,,,,,I,Y,N,D,1,0,0,0,21701.0,1,36.950721740722656,-120.05605316162108,3
2018,2018-06-19,1723,6,2,17,2,N,A,Y,A,H,A,D,22,W,09,D,,,,,C,Y,N,D,1,0,0,0,21801.0,2,36.951698303222656,-120.05606842041016,4
2018,2018-07-04,1950,7,2,19,3,N,A,N,A,H,B,D,22,N,01,D,,,,Y,C,Y,F,D,1,0,0,0,23152.0,2,36.97227478027344,-120.04187774658205,3
2018,2018-07-04,2312,7,2,23,3,N,A,N,A,H,C,N,60,N,11,G,Y,,,,B,N,N,D,1,1,0,0,21954.0,2,36.94944763183594,-120.06053161621094,3
2018,2018-02-13,855,2,4,8,2,N,A,N,A,H,A,A,01,,08,H,,Y,,,G,N,F,D,1,0,1,0,22107.0,2,36.952831268310554,-120.05918884277344,3
2018,2018-06-16,1659,6,2,16,6,Y,A,N,A,H,A,A,01,,08,A,,,,,C,Y,N,D,1,0,0,0,22107.0,2,36.96981048583984,-120.05622100830078,4
2018,2018-05-26,1654,5,1,16,6,N,A,N,A,H,A,D,22,E,09,D,,,,,C,Y,N,D,1,0,0,0,21803.0,2,37.1229362487793,-120.26361846923828,4
2018,2018-07-06,2138,7,2,21,5,Y,A,N,A,H,C,A,01,,09,D,,,,,C,N,N,D,1,0,0,0,21800.0,2,37.12017822265625,-120.2671127319336,3
2018,2018-06-21,1908,6,2,19,4,N,A,N,A,H,B,A,01,S,09,D,,,Y,,C,Y,N,D,3,0,0,1,21804.0,2,36.970752716064446,-120.06989288330078,3
2018,2018-07-01,1721,7,2,17,7,Y,A,N,A,H,A,A,01,,09,D,,,,,C,Y,N,A,1,0,0,0,21802.0,2,36.9782600402832,-120.09230041503906,3
2018,2018-06-29,828,6,2,8,5,-,A,N,A,H,A,-,,,03,G,,Y,,,G,N,M,D,1,0,1,0,22350.0,2,37.11673,-120.26788,4
2018,2018-07-24,2202,7,2,22,2,Y,A,N,A,H,C,A,01,,00,D,,,,,C,Y,N,A,1,0,0,0,21082.0,2,36.96012878417969,-120.0788803100586,4
2018,2018-07-14,525,7,2,5,6,N,A,N,A,H,B,A,01,S,08,E,,,,,I,N,N,D,1,0,0,0,22107.0,1,36.958274841308594,-120.08545684814452,4
2018,2018-07-18,420,7,2,4,3,N,A,N,A,H,C,A,07,N,01,B,,,,,C,Y,N,D,1,0,0,0,23152.0,2,36.94538116455078,-120.0419921875,3
2018,2018-07-17,2102,7,2,21,2,N,A,N,A,H,C,A,01,W,07,B,,,,,E,Y,N,D,1,0,0,0,21658.0,2,36.97726058959961,-120.07149505615234,4
2018,2018-07-11,2102,7,2,21,3,Y,A,N,A,H,C,D,22,,17,D,,Y,,,G,N,N,A,1,0,1,0,21451.0,2,36.97486114501953,-120.07466888427734,3
2018,2018-04-17,759,4,1,7,2,N,A,N,A,H,A,A,01,E,08,C,Y,,,,E,Y,N,D,1,1,0,0,22107.0,3,36.97725677490234,-120.0698699951172,3
2018,2018-07-16,1323,7,2,13,1,Y,A,N,A,H,A,F,26,,12,D,,,,Y,C,Y,N,A,1,0,0,0,21453.0,2,36.98004913330078,-120.07424926757812,3
2018,2018-08-01,1614,8,2,16,3,N,A,N,A,H,A,D,22,S,09,D,,,,,C,Y,N,D,1,0,0,0,21804.0,2,36.9719123840332,-120.07110595703124,3
2018,2018-08-27,1708,8,2,17,1,N,A,N,A,H,A,A,01,N,01,C,,,,,E,Y,N,A,1,0,0,0,23152.0,4,36.97286605834961,-120.05146026611328,3
2018,2018-08-24,1736,8,2,17,5,Y,A,N,A,H,A,F,25,,12,D,,,,Y,C,Y,N,A,5,0,0,0,22450.0,2,36.945579528808594,-120.06501770019533,3
2018,2018-08-06,2500,8,2,25,1,N,A,N,A,H,A,-,- ,E,22,G,Y,,,,B,N,F,A,1,1,0,0,,2,36.97454071044922,-120.07900238037108,4
2018,2018-08-03,1626,8,2,16,5,N,A,N,A,H,A,D,22,W,03,C,,,,,C,N,N,A,2,0,0,0,22350.0,3,36.964351654052734,-120.06049346923828,4
2018,2018-08-24,1311,8,2,13,5,Y,A,Y,A,H,A,A,01,,09,D,,,,,C,Y,N,A,1,0,0,0,21801.0,3,36.951698303222656,-120.05606842041016,3
2018,2018-08-12,1944,8,2,19,7,Y,A,N,A,H,A,A,01,,09,D,,,,,C,N,N,A,1,0,0,0,21800.0,3,37.12364959716797,-120.26624298095705,4
2018,2018-09-19,2101,9,3,21,3,N,A,N,A,H,B,L,04,W,05,D,,Y,,,G,N,N,A,1,0,1,0,21650.0,2,36.961551666259766,-120.06472778320312,4
2018,2018-09-03,1909,9,3,19,1,N,A,N,A,H,C,C,02,S,01,H,,,Y,,I,Y,N,A,1,0,0,1,23152.0,1,36.9791374206543,-120.07423400878906,2
2018,2018-09-12,1723,9,3,17,3,N,A,N,A,H,A,C,02,N,06,C,,,Y,,C,N,N,D,1,0,0,1,21755.0,2,36.94782638549805,-120.07400512695312,4
2018,2018-09-15,1821,9,3,18,6,Y,A,N,A,H,A,D,22,,01,D,,,,,C,Y,N,D,1,0,0,0,23153.0,2,36.95363998413086,-120.08315277099608,3
2018,2018-09-10,711,9,3,7,1,N,A,Y,A,H,A,L,04,S,00,D,,Y,,,G,N,N,D,1,0,1,0,21650.0,2,36.947261810302734,-120.05603790283205,4
2018,2018-09-07,1529,9,3,15,5,Y,A,N,A,H,A,L,04,,05,D,,Y,Y,,G,N,N,A,1,0,1,0,21650.0,2,36.96443939208984,-120.06036376953124,4
2018,2018-10-01,1630,10,3,16,1,Y,A,N,A,H,A,-,- ,,18,G,Y,,,,B,N,N,D,1,1,0,0,,2,37.11452102661133,-120.26692962646484,2
2018,2018-10-06,1213,10,3,12,6,Y,A,N,A,H,A,A,01,,09,D,,,,,C,N,N,D,1,0,0,0,21802.0,2,37.11999130249024,-120.28204345703124,4
2018,2018-10-14,1215,10,3,12,7,Y,A,N,A,H,A,A,01,,03,C,,,,,C,Y,N,D,1,0,0,0,22350.0,2,37.12732,-120.23726,4
2018,2018-09-08,2302,9,3,23,6,Y,A,N,A,H,C,A,01,,01,F,,,,,J,Y,M,A,1,0,0,0,23152.0,1,37.12617874145508,-120.25847625732422,3
2018,2018-09-19,1000,9,3,10,3,N,A,N,A,H,A,-,- ,N,00,B,,,,,E,N,N,D,2,0,0,0,,2,37.12188720703125,-120.27091217041016,3
2018,2018-09-12,1955,9,3,19,3,Y,A,Y,A,H,D,A,01,,10,G,Y,,,,B,N,N,A,1,1,0,0,21950.0,2,37.11540603637695,-120.26954650878906,4
2018,2018-08-28,736,8,2,7,2,Y,A,N,A,H,A,A,01,,09,D,,,,,C,Y,N,A,2,0,0,0,21801.0,4,37.11999130249024,-120.28204345703124,4
2018,2018-10-10,956,10,3,9,3,N,A,Y,A,H,A,A,01,E,10,G,Y,,,,B,N,N,A,1,1,0,0,21950.0,2,36.962623596191406,-120.05850982666016,4
2019,2019-01-29,842,1,4,8,2,Y,B,Y,A,H,A,D,22,,09,A,,,,,C,Y,N,D,3,0,0,0,21801.0,2,36.950244903564446,-120.05056762695312,3
2019,2019-01-30,1238,1,4,12,3,Y,A,Y,A,H,A,A,01,,09,G,Y,,,,B,N,N,A,1,1,0,0,21804.0,2,36.972747802734375,-120.07422637939452,3
2018,2018-10-06,1329,10,3,13,6,N,A,N,A,H,A,D,22,S,10,G,Y,,,,B,N,N,D,2,2,0,0,21950.0,3,36.96533584594727,-120.06129455566406,3
2018,2018-09-25,1502,9,3,15,2,Y,A,N,A,H,A,L,04,,09,D,,Y,,,G,N,N,A,1,0,1,0,21804.0,2,36.95819091796875,-120.06271362304688,4
2018,2018-10-02,1659,10,3,16,2,N,A,N,A,H,A,D,22,N,03,C,,,,,C,N,F,A,1,0,0,0,22350.0,2,36.967151641845696,-120.0921630859375,4
2018,2018-09-17,1520,9,3,15,1,-,A,N,A,H,A,C,02,,03,A,,,Y,,C,Y,N,D,1,0,0,0,22350.0,2,37.110751,-120.274123,3
2019,2019-03-26,724,3,1,7,2,Y,A,N,A,H,A,A,01,,12,D,,,,Y,C,Y,N,A,2,0,0,0,21453.0,2,36.97454833984375,-120.08454895019533,4
2018,2018-10-12,925,10,3,9,5,N,A,N,A,H,A,A,01,W,09,B,,,,,C,Y,N,A,1,0,0,0,21803.0,2,36.949100494384766,-120.04840850830078,4
2018,2018-09-27,917,9,3,9,4,Y,A,N,A,H,A,A,07,,10,G,Y,,,,B,N,F,D,1,1,0,0,21950.0,2,36.98004913330078,-120.07424926757812,3
2018,2018-11-11,1239,11,3,12,7,N,A,N,A,H,A,A,07,W,01,A,,,,,C,Y,N,D,1,0,0,0,23153.0,3,36.96595764160156,-120.04541778564452,3
2018,2018-10-21,958,10,3,9,7,Y,A,N,A,H,A,-,,,03,E,,,,,I,N,N,D,2,0,0,0,22350.0,1,36.95288848876953,-120.0661392211914,3
2018,2018-10-26,1811,10,3,18,5,Y,A,N,A,H,B,A,01,,09,D,,,,,D,Y,N,D,1,0,0,0,21800.0,2,36.98326873779297,-120.04849243164062,4
2018,2018-11-23,21,11,3,0,5,N,A,N,A,H,C,A,01,W,01,A,,,,,I,Y,M,A,1,0,0,0,23152.0,1,36.938236236572266,-120.04837036132812,3
2018,2018-11-16,1407,11,3,14,5,Y,A,N,A,H,A,A,01,,09,D,,,,,C,Y,N,D,2,0,0,0,21802.0,2,36.95775985717773,-120.06581878662108,4
2018,2018-11-03,1950,11,3,19,6,Y,A,N,A,H,C,A,01,,12,D,,,,,C,Y,N,A,3,0,0,0,21453.0,2,36.974571228027344,-120.05142974853516,3
2018,2018-11-08,1228,11,3,12,4,Y,A,N,A,H,-,D,22,,09,A,,,,,C,Y,N,D,1,0,0,0,21801.0,2,36.94902038574219,-120.04840087890624,4
2018,2018-10-31,1002,10,3,10,3,N,A,Y,A,H,A,A,01,S,03,C,,,,,C,N,N,D,1,0,0,0,22350.0,2,36.959720611572266,-120.0589599609375,3
2018,2018-10-18,1715,10,3,17,4,Y,A,Y,A,H,A,A,01,,09,D,,,,,C,Y,N,D,1,0,0,0,21801.0,2,36.951698303222656,-120.05606842041016,4
2018,2018-11-27,1331,11,3,13,2,N,A,N,A,H,A,D,22,W,03,C,,,,,C,N,N,A,1,0,0,0,22350.0,3,36.9621467590332,-120.06385803222656,4
2018,2018-11-30,200,11,3,2,5,N,C,N,B,H,C,A,01,E,07,C,,,,,E,Y,N,D,1,0,0,0,21658.0,2,37.11891174316406,-120.26506805419922,4
2018,2018-12-01,1238,12,4,12,6,Y,C,N,B,H,A,A,07,,09,D,,,,,C,N,N,A,1,0,0,0,21804.0,2,36.97452163696289,-120.05966949462892,3
2018,2018-12-08,1838,12,4,18,6,N,A,N,A,-,B,N,60,W,11,G,Y,,,,B,N,N,A,1,1,0,0,21950.0,2,36.96855926513672,-120.06320190429688,2
2018,2018-10-30,630,10,3,6,2,N,A,Y,A,H,D,A,01,E,10,G,Y,,,,B,N,F,D,1,1,0,0,21950.0,2,36.9383544921875,-120.05602264404295,3
2018,2018-11-11,1729,11,3,17,7,N,A,N,A,H,C,A,01,S,03,C,,,,,C,Y,N,A,1,0,0,0,22350.0,2,36.95276641845703,-120.05160522460938,4
2018,2018-11-27,1719,11,3,17,2,N,A,N,B,H,C,N,60,N,11,G,Y,,,,B,N,N,D,1,1,0,0,21954.0,2,36.969436645507805,-120.06663513183594,2
2018,2018-11-28,1802,11,3,18,3,N,B,N,B,H,C,A,01,E,03,C,,,,,C,N,N,A,1,0,0,0,22350.0,4,36.9527473449707,-120.08267974853516,4
2018,2018-12-14,1358,12,4,13,5,N,A,N,A,H,A,A,07,W,08,B,,,,,C,N,N,D,1,0,0,0,22107.0,2,36.97682571411133,-120.04412841796876,3
2018,2018-12-15,2231,12,4,22,6,N,A,Y,A,H,C,-,- ,E,18,G,Y,,,,B,N,N,A,1,1,0,0,,2,36.96412658691406,-120.05625915527344,4
2018,2018-12-01,1412,12,4,14,6,Y,A,Y,A,H,A,A,01,,09,D,,,,,C,Y,F,A,1,0,0,0,21802.0,2,36.96412658691406,-120.05625915527344,3
2018,2018-12-17,2243,12,4,22,1,N,A,Y,A,H,C,A,01,N,12,D,,,,,C,Y,N,A,1,0,0,0,21453.0,2,36.95259475708008,-120.05609893798828,4
2018,2018-12-16,1326,12,4,13,7,N,A,Y,A,H,A,-,99,N,09,A,,,,Y,C,Y,N,D,3,0,0,0,21801.0,3,36.935001373291016,-120.05604553222656,2
2018,2018-12-31,1501,12,4,15,1,N,A,N,A,H,A,A,01,E,01,E,,,,,I,N,N,D,1,0,0,0,23152.0,1,36.97836685180664,-120.08576965332033,3
2018,2018-11-27,2049,11,3,20,2,Y,C,N,B,G,C,-,- ,,00,D,,,,,C,Y,N,D,1,0,0,0,,2,37.12202072143555,-120.2573471069336,3
2018,2018-07-30,916,7,2,9,1,Y,A,N,A,H,A,A,01,,08,B,,Y,,,G,N,N,D,1,0,1,0,22107.0,2,37.11492156982422,-120.22075653076172,3
2019,2019-01-09,1629,1,4,16,3,N,B,Y,A,H,A,A,01,E,03,C,,,,,C,N,N,D,1,0,0,0,22350.0,2,36.96279525756836,-120.05824279785156,4
2019,2019-01-10,1450,1,4,14,4,Y,A,N,A,H,A,A,07,,09,D,,,,,C,Y,N,A,1,0,0,0,21800.0,2,36.97454071044922,-120.07012176513672,4
2019,2019-01-22,1744,1,4,17,2,N,A,Y,A,H,C,A,01,E,03,C,,,,,C,N,N,D,1,0,0,0,22350.0,3,36.97646713256836,-120.0787353515625,4
2018,2018-10-20,2109,10,3,21,6,-,A,N,A,H,C,-,- ,,00,C,,,,,E,Y,N,D,1,0,0,0,,2,37.114612,-120.279036,4
2018,2018-12-03,731,12,4,7,1,-,A,N,A,H,A,-,- ,,00,G,Y,,,,B,N,N,A,1,1,0,0,,2,,,2
2019,2019-01-16,1837,1,4,18,3,Y,C,N,B,G,C,A,01,,09,A,,,,,C,Y,N,D,2,0,0,0,21800.0,2,36.9528694152832,-120.07022857666016,3
2019,2019-01-26,57,1,4,0,6,Y,A,N,A,H,C,A,01,,01,E,,,,,I,Y,N,A,1,0,0,0,23152.0,1,,,3
2019,2019-01-31,1531,1,4,15,4,Y,A,N,A,H,A,A,01,,09,D,,,,,C,N,N,A,1,0,0,0,21800.0,2,36.961669921875,-120.05751037597656,4
2019,2019-02-09,2214,2,4,22,6,N,C,N,B,H,C,D,22,E,03,C,,,,,C,N,N,A,1,0,0,0,22350.0,2,36.96305084228516,-120.06244659423828,4
2019,2019-03-14,641,3,1,6,4,N,A,N,A,H,B,D,22,E,01,C,,,,,C,Y,N,A,1,0,0,0,23153.0,2,36.97457885742188,-120.0513153076172,4
2019,2019-01-31,749,1,4,7,4,N,B,N,B,H,A,N,60,W,11,G,Y,,,Y,B,N,N,A,1,1,0,0,21954.0,2,36.9716682434082,-120.06096649169922,3
2019,2019-02-28,646,2,4,6,4,N,A,N,A,H,A,A,01,E,22,A,,,,,E,Y,N,D,2,0,0,0,,2,36.96279144287109,-120.04530334472656,3
2019,2019-03-02,1931,3,1,19,6,Y,B,Y,B,H,C,A,01,,08,D,,Y,,,G,N,N,A,1,0,1,0,22107.0,2,36.94557571411133,-120.0560302734375,4
2019,2019-03-20,837,3,1,8,3,Y,B,N,B,H,A,A,01,,09,D,,,,,C,N,N,D,3,0,0,0,21801.0,2,36.9383,-120.05126,3
2019,2019-02-18,1714,2,4,17,1,N,A,N,A,H,A,N,60,W,11,G,Y,,,,B,N,N,A,1,1,0,0,21954.0,2,36.97452926635742,-120.06332397460938,3
2019,2019-02-16,54,2,4,0,6,N,C,N,B,H,D,A,01,N,01,F,,,,,I,Y,N,A,1,0,0,0,23152.0,1,,,3
2019,2019-03-08,1251,3,1,12,5,N,A,Y,A,H,A,A,01,E,03,C,,,,,C,N,N,A,3,0,0,0,22350.0,3,36.97335815429688,-120.07494354248048,3
2019,2019-03-07,1629,3,1,16,4,N,B,N,B,H,B,A,01,W,01,A,,,,,C,Y,N,D,2,0,0,0,23152.0,2,36.97454071044922,-120.07903289794922,3
2019,2019-03-01,1449,3,1,14,5,Y,A,N,A,H,A,A,01,,09,D,,,,,C,Y,N,A,2,0,0,0,21802.0,2,36.9381103515625,-120.03816986083984,3
2019,2019-03-31,1720,3,1,17,7,Y,A,N,A,H,A,A,08,,12,D,,,,,C,N,N,A,1,0,0,0,22450.0,2,36.964160919189446,-120.06535339355467,4
2019,2019-03-24,1757,3,1,17,7,Y,A,N,A,H,A,A,01,,09,D,,,,,C,Y,N,D,1,0,0,0,21802.0,2,37.12214,-120.26095,4
2019,2019-03-12,1137,3,1,11,2,N,A,Y,A,H,A,A,01,S,09,D,,,,,C,Y,N,A,1,0,0,0,21801.0,2,36.951419830322266,-120.05606842041016,3
2019,2019-03-20,838,3,1,8,3,N,C,N,B,G,A,A,01,,09,D,,,,,A,N,N,D,1,0,0,0,21804.0,2,37.12422,-120.25831,4
2018,2018-12-26,1955,12,4,19,3,Y,A,N,A,H,C,A,01,,01,C,,,,,E,Y,N,D,1,0,0,0,23152.0,2,37.11999,-120.28482,3
2019,2019-04-18,732,4,1,7,4,Y,A,Y,A,H,A,D,22,,12,D,,,,,C,N,N,A,1,0,0,0,21453.0,2,36.9612693786621,-120.0605926513672,4
2019,2019-02-24,1650,2,4,16,7,Y,A,N,A,H,A,-,- ,,18,H,,Y,,,G,N,N,D,1,0,1,0,,2,,,4
2019,2019-05-05,831,5,1,8,7,Y,A,N,A,H,A,A,01,,12,D,,,,,C,Y,N,A,1,0,0,0,21453.0,2,36.97726058959961,-120.07421112060548,4
2019,2019-04-12,1549,4,1,15,5,Y,A,N,A,H,A,D,22,,09,D,,,,,C,N,N,A,2,0,0,0,21804.0,2,36.956729888916016,-120.06477355957033,3
2019,2019-04-27,1149,4,1,11,6,Y,A,N,A,H,A,D,22,,09,D,,,,,C,N,N,D,2,0,0,0,21800.0,2,36.9563102722168,-120.04550170898438,4
2019,2019-04-05,1812,4,1,18,5,Y,A,N,A,H,A,D,22,,09,D,,,,,C,Y,N,A,1,0,0,0,21802.0,2,36.963821411132805,-120.05432891845705,3
2019,2019-04-29,740,4,1,7,1,Y,A,N,A,H,A,A,01,,08,G,Y,,,,B,N,N,D,1,1,0,0,22107.0,2,36.9716682434082,-120.05622863769533,4
2019,2019-04-02,1921,4,1,19,2,N,A,N,A,H,A,A,01,E,03,G,Y,,,,B,N,N,D,1,1,0,0,22350.0,2,36.98626327514648,-120.04588317871094,2
2019,2019-05-19,1805,5,1,18,7,N,B,N,B,H,A,D,22,,01,E,,,,,I,Y,N,D,1,0,0,0,23152.0,1,36.967109,-120.037697,4
2019,2019-06-20,113,6,2,1,4,N,A,N,A,H,C,-,,E,01,E,,,,,E,N,N,D,1,0,0,0,23152.0,2,36.94557189941406,-120.08136749267578,3
2019,2019-05-11,1853,5,1,18,6,N,A,N,A,H,A,-,- ,S,18,A,,,,,I,Y,N,D,1,0,0,0,,1,36.95586395263672,-120.05496215820312,3
2019,2019-05-11,1146,5,1,11,6,N,A,N,A,H,A,A,01,E,08,B,,,,,C,Y,N,D,2,0,0,0,22107.0,2,36.96952819824219,-120.04869079589844,3
2019,2019-05-07,1008,5,1,10,2,N,A,N,A,H,A,L,04,W,05,B,,Y,,,G,N,N,D,1,0,1,0,21650.0,2,36.97452926635742,-120.07781982421876,3
2019,2019-05-31,2009,5,1,20,5,N,A,N,A,H,B,A,01,W,10,D,,Y,,,G,N,F,A,1,0,1,0,21950.0,2,36.96059799194336,-120.06166076660156,3
2019,2019-05-16,1515,5,1,15,4,Y,A,N,A,H,A,L,04,,05,D,,Y,,,G,N,N,A,1,0,1,0,21650.0,2,36.96010971069336,-120.07404327392578,3