ACCIDENT_YEAR,COLLISION_DATE,COLLISION_TIME,MONTH,SEASON,24HOURS,DAY_OF_WEEK,INTERSECTION,WEATHER_1,STATE_HWY_IND,ROAD_SURFACE,ROAD_COND_1,LIGHTING,STWD_VEHTYPE_AT_FAULT,CHP_VEHTYPE_AT_FAULT,DIRECTION,PCF_VIOL_CATEGORY,TYPE_OF_COLLISION,PEDESTRIAN_ACCIDENT,BICYCLE_ACCIDENT,MOTORCYCLE_ACCIDENT,TRUCK_ACCIDENT,MVIW,TOW_AWAY,HIT_AND_RUN,CONTROL_DEVICE,NUMBER_INJURED,COUNT_PED_INJURED,COUNT_BICYCLIST_INJURED,COUNT_MC_INJURED,PCF_VIOLATION,PARTY_COUNT,POINT_Y,POINT_X,COLLISION_SEVERITY
2016,2016-10-15,1850,10,3,18,6,N,B,N,A,H,B,A,01,W,09,D,,,,,C,Y,N,A,1,0,0,0,21801.0,2,36.88025074,-120.11317813,4
2016,2016-10-16,615,10,3,6,7,N,B,N,B,H,D,D,22,W,08,E,,,,,I,Y,N,D,2,0,0,0,22107.0,1,36.85907013,-120.34197031,3
2016,2016-10-12,1637,10,3,16,3,N,A,N,A,H,A,D,22,E,04,C,,,,,C,N,N,D,1,0,0,0,21703.0,2,36.88029003,-119.94596705,4
2016,2016-09-13,705,9,3,7,2,N,A,Y,A,H,A,D,23,S,09,A,,,Y,,C,Y,N,D,1,0,0,0,21801.0,2,36.90931013,-120.05606048,1
2016,2016-10-01,2500,10,3,25,6,N,A,N,A,H,D,-,99,W,03,E,,,,,I,N,F,D,1,0,0,0,22350.0,1,37.34897499,-119.73508157,3
2016,2016-10-12,700,10,3,7,3,Y,B,N,A,H,A,A,01,,09,D,,,,,C,Y,N,A,2,0,0,0,21802.0,2,37.26291204,-119.7137171,4
2016,2016-10-18,1145,10,3,11,2,N,A,Y,A,H,A,D,22,S,03,B,,,,Y,C,Y,N,D,1,0,0,0,22350.0,2,36.90005054,-119.99649177,4
2016,2016-10-10,1555,10,3,15,1,Y,A,N,A,H,A,A,07,,08,B,,,,,C,Y,N,D,2,0,0,0,22100.0,2,37.00918005,-120.05621999,3
2016,2016-07-21,552,7,2,5,4,N,A,N,A,H,B,A,07,W,08,F,,,,,A,Y,N,D,0,0,0,0,22107.0,1,36.99644001,-120.13766586,1
2016,2016-10-15,2125,10,3,21,6,Y,A,N,A,H,D,A,01,,12,D,,,,,C,Y,N,A,1,0,0,0,22450.0,2,36.99645005,-120.1286299,4
2016,2016-10-16,1540,10,3,15,7,N,B,N,A,H,A,A,01,W,03,C,,,,,C,Y,N,D,2,0,0,0,22350.0,3,36.8802687,-119.96532959,3
2016,2016-10-20,1728,10,3,17,4,Y,A,N,A,H,A,A,01,,09,D,,,,,C,N,N,A,2,0,0,0,21802.0,2,36.99635005,-120.07540997,4
2016,2016-10-14,1045,10,3,10,5,Y,B,N,A,H,A,A,01,,12,D,,,,,C,Y,N,A,2,0,0,0,22450.0,2,37.22928621,-119.5041275,3
2016,2016-10-16,640,10,3,6,7,N,B,Y,A,H,D,D,22,N,01,C,,,,,C,Y,N,D,2,0,0,0,23152.0,2,37.03121948,-120.14328908,3
2016,2016-10-16,1340,10,3,13,7,N,F,Y,A,H,A,D,22,W,03,C,,,,,C,N,N,D,2,0,0,0,22350.0,2,37.0835275,-120.47496968,4
2016,2016-10-18,1415,10,3,14,2,N,A,Y,A,H,A,M,59,S,07,E,,,,,I,Y,N,D,1,0,0,0,21658.0,2,36.89971047,-119.99581756,4
2016,2016-10-21,1655,10,3,16,5,N,A,N,A,H,A,A,01,W,09,D,,,,,C,Y,N,A,1,0,0,0,21802.0,2,36.85127,-119.95087323,3
2016,2016-10-22,920,10,3,9,6,N,A,Y,A,H,A,A,01,N,03,C,,,,,C,Y,N,D,1,0,0,0,22350.0,2,36.89861524,-119.99467696,4
2016,2016-10-22,700,10,3,7,6,N,A,N,A,H,A,A,01,S,08,E,,,,,I,Y,N,D,1,0,0,0,22107.0,1,36.85222775,-119.90964621,4
2016,2016-10-22,925,10,3,9,6,N,A,Y,A,H,A,A,01,N,03,C,,,,,C,N,N,D,1,0,0,0,22350.0,2,36.89614898,-119.99213308,4
2016,2016-10-11,1545,10,3,15,2,N,A,N,A,H,A,C,02,W,03,C,,,Y,,C,Y,N,D,1,0,0,1,22350.0,2,36.92383948,-120.0655958,2
2016,2016-10-18,1310,10,3,13,2,N,A,N,A,H,A,G,25,W,03,F,,,,Y,A,Y,N,D,1,0,0,0,22350.0,1,37.07745455,-120.20190431,4
2016,2016-10-18,1645,10,3,16,2,N,A,Y,A,H,A,F,55,W,08,E,,,,Y,I,Y,N,D,1,0,0,0,22107.0,1,37.01044495,-119.81098986,3
2016,2016-10-25,1800,10,3,18,2,N,A,Y,A,H,A,A,01,S,08,E,,,,,I,Y,N,D,2,0,0,0,22107.0,1,36.93563555,-120.03342629,2
2016,2016-10-24,1622,10,3,16,1,N,A,Y,A,H,A,A,01,S,09,D,,,,,C,Y,N,A,2,0,0,0,21804.0,2,37.33120203,-119.65541334,4
2016,2016-10-21,1515,10,3,15,5,N,A,Y,A,H,A,A,01,N,03,C,,,,,C,Y,N,D,1,0,0,0,22350.0,2,37.02441495,-120.13537104,4
2016,2016-10-22,1230,10,3,12,6,N,A,Y,A,H,A,C,02,S,03,C,,,Y,,C,N,N,A,2,0,0,1,22350.0,2,37.00937037,-119.79397616,4
2016,2016-10-22,2242,10,3,22,6,Y,A,N,A,H,D,A,01,,01,D,,,,,C,Y,N,A,3,0,0,0,23152.0,2,36.99561672,-119.99146209,3
2016,2016-10-26,751,10,3,7,3,N,A,N,A,H,A,A,01,N,09,D,,,,,C,Y,N,D,1,0,0,0,21804.0,2,36.97978198,-120.04087019,4
2016,2016-10-22,427,10,3,4,6,N,A,N,A,H,D,A,01,N,03,E,,,,,I,Y,N,A,1,0,0,0,22350.0,1,37.14048429,-119.85260657,4
2016,2016-10-26,2152,10,3,21,3,N,A,Y,A,H,D,-,99,N,08,B,,,,,C,Y,F,D,2,0,0,0,22107.0,2,36.95337672,-120.0563084,3
2016,2016-10-25,1655,10,3,16,2,N,A,Y,A,H,A,A,01,S,03,C,,,,,C,N,N,D,2,0,0,0,22350.0,2,36.91040729,-119.7927054,4
2016,2016-06-18,49,6,2,0,6,N,A,Y,A,H,D,A,01,S,01,A,,,,,C,Y,N,D,5,0,0,0,23152.0,4,37.12035372,-119.73964574,1
2016,2016-09-01,2213,9,3,22,4,N,A,Y,A,H,D,A,07,E,01,F,,,,,A,Y,N,D,0,0,0,0,23152.0,1,37.08332766,-120.37745952,1
2016,2016-10-27,1355,10,3,13,4,N,C,N,B,H,A,A,01,S,05,A,,,,,C,Y,N,D,3,0,0,0,21460.0,2,36.98120326,-120.03817643,2
2016,2016-10-28,1600,10,3,16,5,Y,B,N,A,H,A,A,01,,09,D,,,,,C,Y,N,D,2,0,0,0,21802.0,2,37.12705007,-120.15106985,3
2016,2016-10-28,745,10,3,7,5,N,B,Y,B,H,A,D,22,N,03,C,,,,,C,Y,N,D,1,0,0,0,22350.0,2,36.9368031,-120.05604241,4
2016,2016-10-29,715,10,3,7,6,N,A,Y,A,H,A,A,07,N,00,F,,,,,A,Y,N,D,1,0,0,0,22017.0,1,36.88841962,-119.98415708,4
2016,2016-10-25,1235,10,3,12,2,N,B,N,A,H,A,A,01,W,03,E,,,,,I,Y,N,A,1,0,0,0,22350.0,1,37.32664867,-119.64545815,4
2016,2016-10-28,1639,10,3,16,5,Y,B,N,A,H,A,D,22,,12,H,,,,,F,Y,N,A,0,0,0,0,22451.0,2,36.97436469,-120.01904011,1
2016,2016-09-24,1730,9,3,17,6,N,A,Y,A,H,A,I,10,S,03,E,,,,,I,Y,N,D,15,0,0,0,22350.0,1,,,1
2016,2016-10-28,627,10,3,6,5,N,B,Y,B,H,D,A,01,N,07,C,,,,Y,C,Y,N,D,2,0,0,0,21658.0,3,37.08423685,-120.2099982,4
2016,2016-10-29,2320,10,3,23,6,N,B,Y,A,H,D,D,22,S,01,G,Y,,,,B,Y,N,D,1,1,0,0,23152.0,2,36.92483141,-119.91237724,3
2016,2016-10-21,1703,10,3,17,5,N,A,Y,A,H,A,A,01,N,03,C,,,,,C,N,N,D,1,0,0,0,22350.0,2,36.95617496,-120.05942378,4
2016,2016-11-04,1555,11,3,15,5,N,A,Y,A,H,A,D,22,N,03,C,,,,,C,Y,N,D,1,0,0,0,22350.0,2,36.92938079,-120.02691913,4
2016,2016-11-04,1530,11,3,15,5,N,A,N,A,H,A,F,55,W,05,B,,,,Y,C,N,N,D,1,0,0,0,21650.0,2,36.85124002,-120.13016377,3
2016,2016-11-06,2204,11,3,22,7,N,B,Y,A,H,D,A,01,N,07,B,,,,,C,N,N,D,1,0,0,0,21658.0,2,36.98872806,-120.09151984,4
2016,2016-10-24,32,10,3,0,1,N,B,N,B,H,D,A,01,S,08,F,,,,,A,Y,N,D,1,0,0,0,22107.0,1,37.20958087,-119.77144696,3
2016,2016-11-07,1912,11,3,19,1,N,A,Y,A,H,C,A,01,S,03,C,,,,,C,N,N,D,1,0,0,0,22350.0,2,36.9728,-120.07435,4
2016,2016-11-07,1610,11,3,16,1,N,A,N,A,H,A,A,01,E,03,C,,,,,C,Y,N,D,4,0,0,0,22350.0,3,36.92305084,-119.85648723,4
2016,2016-11-08,1834,11,3,18,2,N,A,N,A,H,D,-,- ,N,18,E,,,,,J,Y,N,D,2,0,0,0,,2,36.9967763,-120.02862463,4
2016,2016-11-07,948,11,3,9,1,N,A,Y,A,H,A,E,22,N,03,C,,,,,C,Y,N,D,2,0,0,0,22350.0,2,37.20834811,-119.71248082,4
2016,2016-10-28,1215,10,3,12,5,N,B,N,B,H,A,A,01,W,03,D,,,,,C,Y,N,D,2,0,0,0,22350.0,3,37.2169498,-119.70172942,2
2016,2016-11-02,545,11,3,5,3,N,E,Y,A,H,D,-,- ,N,07,B,,,,Y,C,N,N,D,2,0,0,0,21658.0,2,37.06651579,-120.18736205,4
2016,2016-11-09,820,11,3,8,3,N,A,N,A,H,A,A,07,S,03,C,,,,,C,N,N,D,2,0,0,0,22350.0,2,36.9810551,-119.89377019,4
2016,2016-11-06,1210,11,3,12,7,N,B,N,A,H,A,C,02,S,03,C,,,Y,,C,Y,N,D,2,0,0,2,22350.0,2,37.00640895,-119.73668844,3
2016,2016-05-25,2210,5,1,22,3,N,A,Y,A,H,D,M,47,N,07,B,,,,Y,C,Y,N,D,0,0,0,0,21658.0,2,36.98640147,-120.08869647,1
2016,2016-10-15,2331,10,3,23,6,N,B,N,A,H,D,C,02,S,08,F,,,Y,,A,N,N,D,1,0,0,1,22107.0,1,37.22700817,-119.52769339,2
2016,2016-11-02,1647,11,3,16,3,Y,A,N,A,H,A,B,07,,09,D,,,,,C,Y,N,A,2,0,0,0,21802.0,2,37.01823009,-120.13448995,3
2016,2016-11-08,745,11,3,7,2,N,E,N,A,H,A,A,01,N,08,F,,,,,A,Y,N,D,1,0,0,0,22107.0,1,36.85916,-120.34092,4
2016,2016-11-09,1200,11,3,12,3,N,A,Y,A,H,A,A,01,S,03,C,,,,,C,Y,N,D,4,0,0,0,22350.0,2,36.90595766,-120.00230309,4
2016,2016-11-10,849,11,3,8,4,N,A,Y,A,H,A,D,22,S,08,E,,,,,I,Y,N,D,1,0,0,0,22107.0,1,36.99553014,-120.10076812,4
2016,2016-11-03,158,11,3,1,4,N,A,N,A,H,D,C,02,E,08,F,,,Y,,A,N,N,D,1,0,0,1,22107.0,1,37.04119659,-119.77209985,4
2016,2016-11-13,1843,11,3,18,7,N,A,Y,A,H,D,A,07,N,03,C,,,,,C,N,N,D,2,0,0,0,22350.0,2,36.90962515,-120.006131,4
2016,2016-11-13,1935,11,3,19,7,N,A,Y,A,H,D,A,01,N,03,C,,,,,C,Y,N,D,2,0,0,0,22350.0,3,36.9238391,-120.02195295,4
2016,2016-11-05,1435,11,3,14,6,N,A,Y,A,H,A,A,07,S,08,B,,,,,C,Y,N,D,1,0,0,0,22107.0,2,37.33538723,-119.66234635,4
2016,2016-11-13,2048,11,3,20,7,N,B,N,A,H,D,A,01,N,01,E,,,,,I,Y,N,A,2,0,0,0,23152.0,1,37.05434,-120.05641,4
2016,2016-11-14,1716,11,3,17,1,N,A,Y,A,H,D,A,01,N,03,C,,,,,C,Y,N,D,3,0,0,0,22350.0,2,36.91430007,-120.01130259,3
2016,2016-11-04,1730,11,3,17,5,N,A,Y,A,H,A,A,07,N,05,A,,,,,C,Y,N,D,6,0,0,0,21460.0,2,36.98560996,-119.79395146,4
2016,2016-10-28,138,10,3,1,5,N,B,Y,B,H,D,G,27,N,03,E,,,,Y,I,Y,N,D,1,0,0,0,22350.0,1,36.96900988,-120.07148204,3
2016,2016-11-13,1442,11,3,14,7,N,A,Y,A,H,A,D,22,N,08,E,,,,,I,Y,N,D,1,0,0,0,22107.0,1,37.300933,-119.64898893,4
2016,2016-10-27,2122,10,3,21,4,N,C,N,B,H,D,N,60,W,11,G,Y,,,,B,N,N,D,0,0,0,0,21954.0,2,36.92383993,-120.06516839,1
2016,2016-11-04,2227,11,3,22,5,N,A,Y,A,H,D,D,22,N,05,B,,,,,C,Y,N,D,3,0,0,0,21460.0,3,37.35774927,-119.6441976,3
2016,2016-11-13,1655,11,3,16,7,N,A,Y,A,H,A,-,99,N,07,C,,,,,C,N,M,D,1,0,0,0,21658.0,2,36.99863062,-120.10425905,4
2016,2016-11-07,1600,11,3,16,1,N,A,N,A,H,A,A,07,E,03,E,,,,,I,Y,N,D,2,0,0,0,22350.0,1,37.2600565,-119.94518012,3
2016,2016-11-14,1610,11,3,16,1,N,A,Y,A,H,A,A,07,N,08,E,,,,,I,Y,N,D,3,0,0,0,22107.0,1,,,4
2016,2016-11-19,333,11,3,3,6,N,A,Y,A,H,C,A,01,S,01,E,,,,,I,Y,N,D,1,0,0,0,23152.0,1,36.92269,-120.02033,3
2016,2016-11-01,26,11,3,0,2,N,A,Y,A,H,D,A,01,N,08,F,,,,,A,Y,N,D,1,0,0,0,22107.0,1,37.25815924,-119.70304805,3
2016,2016-11-13,1705,11,3,17,7,Y,A,N,A,H,A,D,22,,04,C,,,,,C,Y,N,D,1,0,0,0,21703.0,2,36.95277006,-120.23803997,3
2016,2016-11-17,1832,11,3,18,4,Y,A,Y,A,H,D,M,46,,09,D,,,,,C,Y,N,A,3,0,0,0,21802.0,2,37.08353893,-120.41888989,3
2016,2016-11-21,625,11,3,6,1,N,B,Y,B,H,B,D,22,S,03,E,,,,,I,N,N,D,1,0,0,0,22350.0,1,,,4
2016,2016-11-21,2250,11,3,22,1,N,A,Y,A,H,D,A,01,S,08,B,,,,,C,N,N,D,1,0,0,0,22107.0,2,36.87919083,-119.97583204,4
2016,2016-11-09,1922,11,3,19,3,N,A,Y,A,H,D,A,01,S,08,F,,,,,A,Y,N,D,1,0,0,0,22107.0,1,36.91975457,-120.01696415,4
2016,2016-11-22,2120,11,3,21,2,N,A,Y,A,H,D,A,01,S,03,C,,,,,C,Y,N,D,2,0,0,0,22350.0,3,36.92289975,-119.79399359,4
2016,2016-11-21,1300,11,3,13,1,Y,B,Y,A,H,A,D,22,,09,D,,,,,C,Y,N,A,4,0,0,0,21802.0,2,37.28647965,-119.65444348,3
2016,2016-11-16,1815,11,3,18,3,N,A,N,A,H,D,A,07,W,08,E,,,,,I,Y,N,D,1,0,0,0,22107.0,1,37.19402583,-119.60695088,3
2016,2016-11-20,1536,11,3,15,7,N,B,Y,B,H,A,A,01,S,08,E,,,,,I,Y,N,D,2,0,0,0,22107.0,1,36.97960257,-120.08250331,4
2016,2016-11-23,1125,11,3,11,3,N,B,N,A,H,A,A,01,W,08,E,,,,,I,Y,N,D,1,0,0,0,22107.0,1,36.85855874,-120.38924768,3
2016,2016-11-26,1515,11,3,15,6,N,B,Y,B,H,A,A,01,N,03,E,,,,,I,Y,N,D,1,0,0,0,22350.0,1,36.87648385,-119.79250021,3
2016,2016-11-26,1335,11,3,13,6,N,B,Y,B,H,A,A,01,N,03,C,,,,,C,Y,N,A,1,0,0,0,22350.0,2,,,3
2016,2016-11-26,1430,11,3,14,6,N,B,Y,B,H,A,D,22,N,03,C,,,,,C,N,N,D,2,0,0,0,22350.0,3,37.04669386,-120.16271864,4
2016,2016-11-29,138,11,3,1,2,N,B,Y,A,H,D,A,01,N,08,E,,,,Y,I,Y,N,D,1,0,0,0,22107.0,2,37.00270571,-120.10892705,3
2016,2016-11-23,1736,11,3,17,3,N,A,Y,A,H,D,A,01,S,03,C,,,,,C,Y,N,D,4,0,0,0,22350.0,2,,,4
2016,2016-11-22,830,11,3,8,2,Y,E,N,A,H,A,G,25,,09,B,,,,Y,C,N,N,D,1,0,0,0,21801.0,2,36.9382801,-120.12845986,3
2016,2016-11-28,940,11,3,9,1,N,B,N,B,H,A,A,01,S,08,E,,,,,I,Y,N,D,1,0,0,0,22107.0,1,37.33397435,-119.5817969,3
2016,2016-11-26,1610,11,3,16,6,N,B,Y,B,H,A,D,22,,03,C,,,,,C,N,N,D,1,0,0,0,22350.0,2,,,4
2016,2016-11-29,720,11,3,7,2,N,A,N,A,H,A,A,01,W,03,C,,,,,C,Y,N,D,1,0,0,0,22350.0,3,36.88042064,-119.81199829,4
2016,2016-11-27,1645,11,3,16,7,Y,A,N,A,H,D,A,07,,09,D,,,,,C,N,N,A,1,0,0,0,21802.0,2,36.92374008,-120.12865993,4
2016,2016-11-30,735,11,3,7,3,N,B,Y,A,H,A,A,01,,03,C,,,,,C,N,N,D,1,0,0,0,22350.0,2,36.9328447,-120.03052812,4
2016,2016-11-26,2228,11,3,22,6,N,B,Y,B,H,D,A,07,S,08,E,,,,,I,Y,N,D,3,0,0,0,22107.0,1,37.08436812,-120.20900362,3
2016,2016-10-20,1500,10,3,15,4,N,A,N,A,H,A,A,01,W,08,E,,,,,I,Y,N,D,0,0,0,0,22107.0,1,36.8365479,-120.22398444,1
2016,2016-11-26,1642,11,3,16,6,N,C,N,B,H,D,A,07,N,01,E,,,,,I,Y,N,D,1,0,0,0,23152.0,1,37.22970621,-119.50998902,3
2016,2016-11-25,1803,11,3,18,5,N,A,N,A,H,D,A,01,S,01,C,,,,,C,Y,N,D,1,0,0,0,23152.0,2,36.93736061,-120.09211977,4
2016,2016-10-21,615,10,3,6,5,N,A,N,A,H,D,M,46,S,14,C,,,,,C,Y,N,D,0,0,0,0,25803.0,2,36.94526163,-120.3825046,1
2016,2016-11-24,1805,11,3,18,4,N,A,Y,A,H,D,D,22,N,03,C,,,,,C,Y,N,D,6,0,0,0,22350.0,3,36.92601009,-119.79396482,4
2016,2016-11-24,1810,11,3,18,4,N,A,Y,A,H,D,A,01,N,03,A,Y,,,,C,Y,N,D,2,1,0,0,22350.0,3,36.92577999,-119.79396545,3
2016,2016-12-01,1325,12,4,13,4,N,A,Y,A,H,A,A,01,N,03,C,,,,,C,N,N,D,1,0,0,0,22350.0,3,36.88326213,-119.97906287,4
2016,2016-12-02,1054,12,4,10,5,Y,A,Y,A,H,A,D,22,,03,C,,,,,C,Y,N,D,1,0,0,0,22350.0,2,37.36502639,-119.72603974,4
2016,2016-12-02,1816,12,4,18,5,N,A,N,A,H,D,A,07,W,01,E,,,,,I,Y,N,D,1,0,0,0,23152.0,1,37.11911201,-119.9823333,3
2016,2016-11-27,1711,11,3,17,7,N,A,Y,A,H,D,A,07,N,03,C,,,,,C,N,N,D,2,0,0,0,22350.0,2,36.96191,-120.06540926,4
2016,2016-12-04,615,12,4,6,7,N,A,N,A,H,B,A,01,W,08,E,,,,,I,Y,N,D,1,0,0,0,22107.0,1,37.23944899,-119.79122847,3
2016,2016-11-10,1955,11,3,19,4,N,A,Y,A,H,C,G,25,N,07,B,,,,Y,C,N,N,D,3,0,0,0,21658.0,2,36.96283335,-120.06636676,4
2016,2016-12-01,1730,12,4,17,4,Y,A,N,A,H,D,D,22,,09,D,,,,,C,Y,N,A,2,0,0,0,21802.0,2,36.92321603,-119.79930282,4
2016,2016-12-06,710,12,4,7,2,N,B,Y,B,H,A,A,01,N,03,C,,,,,C,Y,N,A,3,0,0,0,22350.0,3,36.85199045,-120.05589828,4
2016,2016-12-10,1315,12,4,13,6,N,B,Y,B,H,A,D,22,S,03,C,,,,,C,Y,N,D,1,0,0,0,22350.0,2,37.26030683,-119.70224521,4
2016,2016-12-10,1100,12,4,11,6,N,B,N,B,H,A,A,07,S,08,E,,,,,I,Y,N,D,1,0,0,0,22107.0,1,37.28696957,-119.57949758,3
2016,2016-12-10,1525,12,4,15,6,N,C,N,B,H,A,A,01,E,03,C,,,,,C,N,M,D,2,0,0,0,22350.0,2,37.01835924,-120.20228153,4
2016,2016-12-14,2035,12,4,20,3,N,B,N,A,H,D,A,01,E,03,C,,,,,C,N,N,D,2,0,0,0,22350.0,3,36.88028928,-119.93799914,4
2016,2016-12-12,545,12,4,5,1,N,A,Y,A,H,B,A,08,N,06,A,,,,,C,Y,N,D,3,0,0,0,21751.0,2,37.22550251,-119.70762195,2
2016,2016-12-20,1600,12,4,16,2,N,A,N,A,H,A,A,01,W,03,C,,,,,C,Y,N,D,1,0,0,0,22350.0,2,37.32672,-119.6433462,4
2016,2016-12-13,555,12,4,5,2,N,A,Y,A,H,C,A,01,S,07,E,,,,,I,Y,N,D,1,0,0,0,21658.0,1,37.12546,-120.25078,3
2016,2016-12-08,805,12,4,8,4,N,B,N,B,H,A,A,07,S,08,D,,,,,C,Y,N,D,1,0,0,0,22107.0,2,36.9367466,-120.074054,3
2016,2016-12-10,1535,12,4,15,6,N,B,Y,A,H,A,D,22,E,08,E,,,,,I,Y,N,D,2,0,0,0,22107.0,1,37.0834719,-120.44905968,3
2016,2016-12-11,1910,12,4,19,7,N,A,Y,A,H,D,A,01,N,08,C,,,,,C,Y,N,D,1,0,0,0,22107.0,2,37.01941,-120.12953,3
2016,2016-12-12,525,12,4,5,1,N,A,Y,A,H,D,A,01,S,08,E,,,,Y,I,Y,N,D,1,0,0,0,22107.0,2,36.87543193,-119.97097267,4
2016,2016-12-14,945,12,4,9,3,N,A,Y,A,H,A,A,01,N,08,D,,,,,C,Y,N,D,6,0,0,0,22107.0,3,37.02904799,-119.78829484,2
2016,2016-12-15,1854,12,4,18,4,N,C,N,B,H,D,A,01,E,08,E,,,,,I,Y,N,D,1,0,0,0,22107.0,1,36.85095,-120.25490085,4
2016,2016-12-15,1445,12,4,14,4,N,B,Y,B,H,A,G,25,S,08,D,,,,Y,C,Y,N,D,1,0,0,0,22107.0,2,,,4
2016,2016-12-24,725,12,4,7,6,N,A,Y,B,H,A,A,07,S,08,E,,,,,I,Y,N,D,2,0,0,0,22107.0,1,37.20642281,-119.71447803,4
2016,2016-12-16,1647,12,4,16,5,N,A,Y,A,H,A,A,01,N,01,B,,,,,C,Y,N,D,2,0,0,0,23152.0,2,37.08696312,-120.21286503,3
2016,2016-12-19,1715,12,4,17,1,N,A,Y,A,H,B,A,01,N,03,C,,,,,C,N,N,D,1,0,0,0,22350.0,2,37.00638686,-120.11339084,4
2016,2016-12-28,1115,12,4,11,3,Y,A,Y,A,H,A,A,08,,03,C,,,,,C,Y,N,D,1,0,0,0,22350.0,2,37.1511185,-119.73161907,4
2016,2016-12-21,1045,12,4,10,3,N,A,Y,A,H,A,A,01,N,03,C,,,,,C,Y,N,D,1,0,0,0,22350.0,2,36.9237989,-119.79399476,4
2016,2016-12-21,1033,12,4,10,3,N,A,Y,A,H,A,A,07,N,09,D,,,,,C,Y,N,D,2,0,0,0,21801.0,2,36.95732022,-119.7939484,3
2016,2016-12-22,1358,12,4,13,4,N,A,N,A,H,A,A,07,E,03,E,,,,,I,Y,N,D,1,0,0,0,22350.0,1,37.00369001,-120.18356041,4
2016,2016-12-23,1103,12,4,11,5,N,B,Y,B,H,A,D,22,N,03,F,,,,,A,Y,N,D,1,0,0,0,22350.0,1,36.89697,-119.7917,3
2016,2016-12-25,1255,12,4,12,7,N,A,Y,A,H,A,A,01,S,08,E,,,,,I,Y,N,D,1,0,0,0,22107.0,1,36.99624757,-120.10232017,4
2016,2016-12-27,105,12,4,1,2,N,A,N,A,H,D,A,07,S,12,E,,,,,I,Y,N,D,1,0,0,0,22450.0,1,36.88038,-119.89308,4
2016,2016-12-27,1325,12,4,13,2,N,A,Y,A,H,A,D,22,S,03,C,,,,,C,N,N,A,2,0,0,0,22350.0,2,36.9230597,-119.7939965,4
2016,2016-12-28,1440,12,4,14,3,Y,A,Y,A,H,A,D,22,,09,D,,,,,C,N,N,A,1,0,0,0,21802.0,2,37.20211313,-119.72264662,2
2016,2016-12-29,835,12,4,8,4,N,A,N,A,H,A,A,07,N,08,F,,,,,A,Y,N,D,1,0,0,0,22107.0,1,37.16432137,-120.00232485,4
2016,2016-12-26,2225,12,4,22,1,N,A,Y,A,H,D,A,01,W,21,D,,,,,C,Y,N,D,2,0,0,0,22106.0,2,37.08387972,-120.2578394,3
2016,2016-12-27,643,12,4,6,2,N,A,Y,A,H,B,A,07,N,03,C,,,,,C,Y,N,D,4,0,0,0,22350.0,3,36.88028962,-120.0560199,3
2016,2016-12-30,1205,12,4,12,5,Y,A,N,A,H,A,A,01,,05,D,,,,,C,Y,N,D,2,0,0,0,21460.0,2,36.94355003,-120.01940997,3
2016,2016-12-31,1055,12,4,10,6,N,B,Y,B,H,A,D,22,N,03,B,,,,,C,Y,N,D,2,0,0,0,22350.0,3,36.9973094,-120.10350903,4
2017,2017-01-01,515,1,4,5,7,N,B,Y,A,H,D,-,99,W,05,A,,,,,C,Y,F,D,1,0,0,0,21460.0,2,37.01047776,-119.7975143,4
2017,2017-01-01,518,1,4,5,7,N,A,Y,A,H,D,D,22,W,03,C,,,,,C,Y,N,D,2,0,0,0,22350.0,2,37.01047776,-119.7975143,4
2017,2017-01-03,1520,1,4,15,2,N,C,N,B,H,A,A,07,W,08,E,,,,,I,Y,N,D,1,0,0,0,22107.0,1,37.32129812,-119.56242678,2
2017,2017-01-05,1315,1,4,13,4,N,B,Y,B,H,A,-,- ,S,18,E,,,,Y,J,Y,N,D,1,0,0,0,,2,37.3179382,-119.65994869,4
2016,2016-12-31,2000,12,4,20,6,N,A,Y,A,H,D,A,01,S,03,C,,,,,C,Y,N,D,1,0,0,0,22350.0,3,,,4
2017,2017-01-03,355,1,4,3,2,N,A,Y,A,H,D,A,01,N,01,C,,,,Y,C,Y,N,D,1,0,0,0,23152.0,2,36.89284797,-119.98901791,3
2017,2017-01-06,1811,1,4,18,5,N,B,Y,A,H,C,A,01,S,03,C,,,,,C,Y,N,D,1,0,0,0,22350.0,3,36.92344216,-120.02153902,4
2017,2017-01-07,2031,1,4,20,6,N,B,Y,B,H,D,A,01,S,03,E,,,,,I,Y,N,D,2,0,0,0,22350.0,1,36.97276224,-120.07423983,4
2017,2017-01-08,1150,1,4,11,7,N,B,N,A,H,A,A,01,E,03,E,,,,,I,N,N,D,1,0,0,0,22350.0,1,37.01096976,-120.14242112,4
2017,2017-01-08,600,1,4,6,7,N,B,Y,B,H,D,A,01,W,08,E,,,,,I,Y,N,A,2,0,0,0,22107.0,1,37.01040042,-119.82462198,3
2017,2017-01-07,420,1,4,4,6,N,A,Y,B,H,D,A,01,N,08,E,,,,,I,Y,N,D,1,0,0,0,22107.0,1,36.9704684,-120.0720173,4
2017,2017-01-05,1825,1,4,18,4,N,B,N,A,H,D,A,07,E,08,E,,,,,I,Y,N,D,1,0,0,0,22107.0,1,36.99231305,-119.71406937,4
2017,2017-01-09,1955,1,4,19,1,N,B,N,A,H,D,A,01,W,08,E,,,,,I,Y,N,D,1,0,0,0,22107.0,1,37.09813295,-120.15430855,4
2017,2017-01-06,1400,1,4,14,5,Y,A,N,A,H,A,A,01,,05,D,,,,Y,C,Y,N,D,1,0,0,0,21460.0,2,36.99643007,-120.16608997,4
2017,2017-01-09,156,1,4,1,1,N,B,Y,B,H,D,A,07,E,08,E,,,,,I,Y,N,D,1,0,0,0,22107.0,1,37.08426,-120.2105,4
2017,2017-01-11,705,1,4,7,3,N,B,N,B,H,A,A,01,W,03,C,,,,,C,Y,N,D,1,0,0,0,22350.0,3,36.88034556,-119.90210096,4