ACCIDENT_YEAR,COLLISION_DATE,COLLISION_TIME,MONTH,SEASON,24HOURS,DAY_OF_WEEK,INTERSECTION,WEATHER_1,STATE_HWY_IND,ROAD_SURFACE,ROAD_COND_1,LIGHTING,STWD_VEHTYPE_AT_FAULT,CHP_VEHTYPE_AT_FAULT,DIRECTION,PCF_VIOL_CATEGORY,TYPE_OF_COLLISION,PEDESTRIAN_ACCIDENT,BICYCLE_ACCIDENT,MOTORCYCLE_ACCIDENT,TRUCK_ACCIDENT,MVIW,TOW_AWAY,HIT_AND_RUN,CONTROL_DEVICE,NUMBER_INJURED,COUNT_PED_INJURED,COUNT_BICYCLIST_INJURED,COUNT_MC_INJURED,PCF_VIOLATION,PARTY_COUNT,POINT_Y,POINT_X,COLLISION_SEVERITY
2019,2019-04-19,1615,4,1,16,5,N,A,N,A,H,A,A,08,S,08,D,,,,,C,Y,N,D,1,0,0,0,22107.0,2,36.92089080810546,-120.04655456542967,4
2019,2019-04-24,1435,4,1,14,3,Y,A,N,A,H,A,A,01,,12,D,,,,,C,Y,N,A,1,0,0,0,22450.0,2,36.966621398925774,-119.8938217163086,4
2019,2019-04-23,2028,4,1,20,2,N,A,N,A,H,D,A,01,E,01,F,,,,,A,Y,N,D,1,0,0,0,23152.0,1,36.85123062133789,-119.97792816162108,3
2019,2019-04-28,359,4,1,3,7,N,A,N,A,H,D,D,22,W,08,E,,,,,I,Y,N,D,1,0,0,0,22107.0,1,37.21200942993164,-119.69119262695312,2
2019,2019-04-24,950,4,1,9,3,N,A,Y,A,H,A,A,01,S,03,C,,,,,C,Y,N,A,3,0,0,0,22350.0,2,36.966018676757805,-119.79396057128906,3
2019,2019-04-28,1800,4,1,18,7,N,A,N,A,H,A,D,22,S,01,E,,,,,I,Y,N,D,1,0,0,0,23152.0,1,37.220645904541016,-119.5275421142578,3
2019,2019-04-29,1035,4,1,10,1,N,A,Y,A,H,A,A,01,S,03,C,,,,,C,Y,N,D,1,0,0,0,22350.0,2,37.14164352416992,-119.73297882080078,4
2019,2019-04-29,2030,4,1,20,1,N,A,N,A,H,D,A,01,W,08,E,,,,,I,Y,N,D,3,0,0,0,22107.0,1,37.393436431884766,-119.63189697265624,3
2019,2019-04-29,2020,4,1,20,1,N,A,Y,A,H,C,D,22,S,03,C,,,,,C,Y,N,D,1,0,0,0,22350.0,2,37.21251678466797,-119.70899963378906,4
2019,2019-04-30,1820,4,1,18,2,N,A,Y,A,H,A,D,22,N,03,C,,,,,C,Y,N,A,2,0,0,0,22350.0,2,37.15534210205078,-119.73165893554688,3
2019,2019-04-29,745,4,1,7,1,Y,A,N,A,H,A,D,22,,08,B,,Y,,,G,N,M,D,1,0,1,0,22107.0,2,36.98693084716797,-120.08390808105467,4
2019,2019-05-01,1650,5,1,16,3,N,A,N,A,H,A,A,01,W,03,C,,,,,C,Y,N,D,1,0,0,0,22350.0,2,36.880268096923835,-119.94760131835938,4
2019,2019-04-26,1525,4,1,15,5,Y,A,N,A,H,A,D,22,,12,D,,,,,C,Y,F,A,1,0,0,0,22450.0,2,36.98167037963867,-120.03791809082033,4
2019,2019-05-02,1045,5,1,10,4,N,A,Y,A,H,A,A,01,N,03,E,,,,,I,Y,N,D,1,0,0,0,22350.0,1,37.08440017700195,-120.21173095703124,3
2019,2019-05-04,330,5,1,3,6,N,A,Y,A,H,D,-,99,N,03,C,,,,,C,Y,F,D,1,0,0,0,22350.0,2,37.00315475463867,-120.10905456542967,4
2019,2019-05-05,2114,5,1,21,7,N,A,Y,A,H,D,D,22,S,03,C,,,,,C,Y,N,D,2,0,0,0,22350.0,2,37.07917404174805,-120.20262145996094,2
2019,2019-05-06,1215,5,1,12,1,N,A,Y,A,H,A,A,01,N,07,B,,,,,C,Y,N,D,2,0,0,0,21658.0,2,36.85456848144531,-119.94924926757812,4
2019,2019-05-02,1249,5,1,12,4,N,A,Y,A,H,A,C,02,S,08,F,,,Y,,A,Y,N,D,1,0,0,1,22107.0,1,36.8753318786621,-119.97086334228516,2
2019,2019-05-12,255,5,1,2,7,N,A,Y,A,H,C,A,07,S,08,E,,,,,I,Y,N,D,1,0,0,0,22107.0,1,36.84982681274414,-119.94525146484376,3
2019,2019-05-05,1457,5,1,14,7,Y,A,Y,A,H,A,A,01,,09,D,,,,,C,Y,N,A,1,0,0,0,21802.0,2,36.88019943237305,-119.9761962890625,4
2019,2019-05-09,2235,5,1,22,4,N,A,Y,A,H,D,A,01,S,01,B,,,,,C,Y,N,D,1,0,0,0,23152.0,2,37.090858459472656,-119.754150390625,4
2019,2019-05-08,1830,5,1,18,3,N,A,N,A,H,A,A,01,N,09,D,,,,,C,Y,N,D,2,0,0,0,21801.0,2,36.994338989257805,-120.02862548828124,4
2019,2019-05-11,1910,5,1,19,6,N,A,Y,A,H,A,A,01,N,09,D,,,,,C,Y,N,D,2,0,0,0,21804.0,2,37.33475875854492,-119.64629364013672,3
2019,2019-05-08,150,5,1,1,3,N,A,N,A,H,D,A,01,E,08,F,,,,,I,Y,N,D,2,0,0,0,22107.0,1,37.083438873291016,-120.32240295410156,4
2019,2019-05-07,1201,5,1,12,2,Y,A,Y,D,H,A,-,- ,,18,F,,,Y,,J,N,N,A,1,0,0,1,,1,37.33372497558594,-119.66019439697266,4
2019,2019-05-09,325,5,1,3,4,N,A,N,A,H,D,A,01,E,08,E,,,,,J,Y,N,D,1,0,0,0,22107.0,1,36.8584098815918,-120.4178466796875,4
2019,2019-05-12,1823,5,1,18,7,N,A,N,A,H,A,C,02,E,08,E,,,Y,,I,Y,N,D,1,0,0,1,22107.0,1,36.92327499389648,-119.77591705322266,3
2019,2019-05-11,1320,5,1,13,6,N,A,Y,A,H,A,D,22,N,08,E,,,,,I,Y,N,D,1,0,0,0,22107.0,1,37.23020553588867,-119.70762634277344,3
2019,2019-05-15,1320,5,1,13,3,N,B,N,B,H,A,A,07,S,08,E,,,,,I,Y,N,D,1,0,0,0,22107.0,1,37.32387924194336,-119.7709503173828,4
2019,2019-05-09,730,5,1,7,4,Y,A,N,A,H,A,A,01,,09,D,,,,,C,Y,N,A,1,0,0,0,21801.0,3,36.9375,-119.89412689208984,2
2019,2019-04-04,1959,4,1,19,4,N,B,N,A,H,D,L,04,E,05,C,,Y,,,G,Y,N,D,0,0,0,0,21202.0,2,36.98659896850586,-120.0286865234375,1
2019,2019-05-14,540,5,1,5,2,N,A,N,A,H,A,A,01,E,05,B,,,,,C,Y,N,D,1,0,0,0,21460.0,2,36.96704864501953,-120.01123809814452,4
2019,2019-05-19,1745,5,1,17,7,N,C,Y,B,H,B,A,07,S,08,E,,,,,I,Y,N,D,1,0,0,0,22107.0,1,37.38936996459961,-119.63497161865234,3
2019,2019-05-17,53,5,1,0,5,N,B,N,A,H,D,A,01,S,01,E,,,,,I,Y,N,D,1,0,0,0,23152.0,1,36.995803833007805,-120.06314849853516,4
2019,2019-05-13,825,5,1,8,1,Y,A,N,A,H,A,D,22,,09,D,,,,,C,Y,N,A,2,0,0,0,21802.0,2,37.122592,-119.731592,4
2019,2019-05-21,1523,5,1,15,2,N,A,N,A,H,A,A,01,E,03,C,,,,,C,Y,N,D,2,0,0,0,22350.0,2,36.966621398925774,-119.88933563232422,4
2019,2019-05-17,2225,5,1,22,5,N,A,N,A,H,D,A,01,W,08,E,,,,,J,Y,N,D,1,0,0,0,22107.0,1,36.966835021972656,-119.81382751464844,4
2019,2019-05-18,1143,5,1,11,6,N,B,Y,A,H,A,A,01,N,09,D,,,,,C,Y,N,D,2,0,0,0,21801.0,3,37.33173370361328,-119.6545181274414,3
2019,2019-05-19,1819,5,1,18,7,N,B,Y,B,H,A,A,01,N,03,C,,,,,C,N,N,D,1,0,0,0,22350.0,2,37.23011016845703,-119.70763397216795,4
2019,2019-05-17,1055,5,1,10,5,N,A,N,A,H,A,A,07,W,22,F,,,,,A,N,N,D,1,0,0,0,,1,37.12148666381836,-119.87277221679688,4
2019,2019-05-23,1948,5,1,19,4,N,C,Y,B,H,D,A,01,N,03,E,,,,,I,Y,N,D,1,0,0,0,22350.0,1,36.85475540161133,-119.94938659667967,4
2019,2019-05-26,1000,5,1,10,7,N,B,N,A,H,A,A,07,W,08,E,,,,,I,N,N,D,1,0,0,0,22107.0,1,37.01831817626953,-120.1926040649414,4
2019,2019-05-24,1230,5,1,12,5,Y,A,Y,A,H,A,C,02,,03,C,,,Y,,C,Y,N,D,1,0,0,1,22350.0,3,36.98630142211913,-120.01964569091795,3
2019,2019-05-17,1350,5,1,13,5,N,A,Y,A,H,A,E,22,S,03,C,,,,,C,Y,N,D,1,0,0,0,22350.0,6,36.985260009765625,-120.087646484375,4
2019,2019-05-21,810,5,1,8,2,Y,B,N,B,H,A,A,07,,12,D,,,,Y,C,Y,N,A,1,0,0,0,22450.0,2,36.974658966064446,-120.12851715087892,2
2019,2019-05-17,1225,5,1,12,5,Y,A,N,A,H,A,D,22,,12,D,,,,,C,Y,N,A,3,0,0,0,22450.0,2,37.010929107666016,-120.07672882080078,4
2019,2019-05-23,1154,5,1,11,4,N,A,Y,A,H,A,A,01,S,09,D,,Y,,,G,N,N,D,1,0,1,0,21804.0,2,37.33246994018555,-119.65237426757812,3
2019,2019-05-27,1445,5,1,14,1,N,B,Y,A,H,A,D,22,N,03,C,,,,,C,Y,N,D,3,0,0,0,22350.0,2,37.16508102416992,-119.72765350341795,2
2019,2019-05-23,742,5,1,7,4,N,B,N,A,H,A,A,07,W,03,E,,,,,I,N,N,D,3,0,0,0,22350.0,1,37.28572463989258,-119.67466735839844,4
2019,2019-05-25,420,5,1,4,6,N,A,Y,A,H,D,D,22,W,08,A,,,,,C,Y,F,D,2,0,0,0,22107.0,2,36.99625015258789,-119.98780822753906,3
2019,2019-05-25,645,5,1,6,6,N,A,N,A,H,A,A,01,W,08,F,,,,,A,Y,N,D,1,0,0,0,22107.0,1,36.89240646362305,-120.29327392578124,3
2019,2019-04-26,1640,4,1,16,5,N,A,Y,A,H,A,D,22,N,01,F,,,,,A,Y,N,D,2,0,0,0,23152.0,1,,,2
2019,2019-05-31,740,5,1,7,5,N,A,Y,A,B,A,D,22,N,03,F,,,,,A,Y,N,D,2,0,0,0,22350.0,1,,,4
2019,2019-05-21,700,5,1,7,2,N,B,Y,B,H,A,A,01,W,08,G,Y,,,,B,N,N,D,1,1,0,0,22107.0,2,37.33333206176758,-119.65970611572266,3
2019,2019-05-25,1452,5,1,14,6,N,A,Y,A,H,A,A,01,S,09,D,,,,,C,Y,N,D,1,0,0,0,21804.0,2,37.33173370361328,-119.6545181274414,4
2019,2019-05-23,1923,5,1,19,4,N,B,Y,B,H,A,A,07,S,08,E,,,,,J,Y,N,D,1,0,0,0,22107.0,2,36.84732055664063,-119.94064331054688,4
2019,2019-05-24,1547,5,1,15,5,N,B,Y,A,H,A,D,22,N,03,C,,,,Y,C,Y,N,A,2,0,0,0,22350.0,2,37.0473861694336,-120.1635284423828,2
2019,2019-05-28,2105,5,1,21,2,N,A,Y,A,H,C,G,25,N,03,F,,,,Y,A,Y,N,D,1,0,0,0,22350.0,1,37.08462905883789,-120.49181365966795,2
2019,2019-06-01,1015,6,2,10,6,N,A,Y,A,H,A,A,07,N,03,C,,,,,C,Y,M,D,2,0,0,0,22350.0,2,37.165069580078125,-119.72765350341795,3
2019,2019-06-03,1300,6,2,13,1,N,A,Y,A,H,A,D,22,S,08,B,,,,,C,N,N,D,1,0,0,0,22107.0,2,37.331790924072266,-119.65438079833984,4
2019,2019-05-29,135,5,1,1,3,N,B,Y,A,H,C,A,07,S,08,F,,,,,A,Y,N,D,1,0,0,0,22107.0,1,36.99237060546875,-120.09635925292967,3
2019,2019-05-30,1405,5,1,14,4,Y,A,N,A,H,A,A,07,,09,D,,,,,C,Y,N,D,2,0,0,0,21801.0,2,37.00542831420898,-120.07427215576172,4
2019,2019-05-05,2103,5,1,21,7,N,A,Y,A,H,C,D,22,N,01,E,,,,,I,Y,N,D,0,0,0,0,23152.0,1,37.08430099487305,-120.20890808105467,1
2019,2019-05-30,2208,5,1,22,4,N,A,N,A,H,C,A,07,E,01,C,,,,,C,N,N,D,3,0,0,0,23152.0,2,36.923038482666016,-119.88507843017578,4
2019,2019-05-29,1740,5,1,17,3,Y,A,N,A,H,A,A,07,,12,D,,,,,C,N,N,A,1,0,0,0,22450.0,2,36.9410285949707,-119.91217803955078,4
2019,2019-06-05,1410,6,2,14,3,N,A,Y,A,H,A,D,22,N,03,C,,,,,C,Y,N,D,1,0,0,0,22350.0,2,36.91261672973633,-120.00955200195312,4
2019,2019-06-05,1950,6,2,19,3,N,A,N,A,H,A,A,01,,01,E,,,,,I,Y,N,D,1,0,0,0,23152.0,1,37.09807968139648,-120.1297607421875,3
2019,2019-06-09,1715,6,2,17,7,N,A,Y,A,H,A,A,08,N,03,C,,,,,C,N,N,D,1,0,0,0,22350.0,2,37.15559387207031,-119.73161315917967,4
2019,2019-06-07,1125,6,2,11,5,N,A,N,A,H,A,A,07,W,09,D,,,,,C,Y,N,D,1,0,0,0,21804.0,2,36.90283966064453,-119.79453277587892,4
2019,2019-06-07,1355,6,2,13,5,N,A,N,A,H,A,A,01,E,08,F,,,,,A,Y,N,D,1,0,0,0,22107.0,1,37.12681579589844,-120.06916809082033,4
2019,2019-06-06,42,6,2,0,4,N,A,Y,A,H,D,A,01,W,01,E,,,,,I,Y,N,A,1,0,0,0,23152.0,1,37.084339141845696,-120.21050262451172,3
2019,2019-06-02,1105,6,2,11,7,N,A,Y,A,H,A,A,07,S,07,B,,,Y,,C,Y,N,D,1,0,0,1,21658.0,2,36.899726867675774,-119.99615478515624,2
2019,2019-06-07,1345,6,2,13,5,N,A,Y,A,H,A,A,01,N,03,C,,,,,C,N,N,D,5,0,0,0,22350.0,2,36.88079452514648,-119.9771728515625,4
2019,2019-06-07,1400,6,2,14,5,N,A,Y,A,H,A,A,01,S,03,C,,,,,C,Y,N,D,1,0,0,0,22350.0,2,36.951881408691406,-120.05384826660156,4
2019,2019-06-08,1140,6,2,11,6,Y,A,N,A,H,A,A,01,,09,D,,,,,C,Y,N,A,1,0,0,0,21802.0,2,36.923709869384766,-120.03334045410156,4
2019,2019-06-07,1614,6,2,16,5,N,A,Y,A,H,A,A,01,N,03,C,,,,Y,C,Y,N,D,2,0,0,0,22350.0,3,36.92403411865234,-120.0224151611328,2
2019,2019-06-13,530,6,2,5,4,N,A,Y,A,H,B,G,25,N,07,B,,,,Y,C,Y,N,D,1,0,0,0,21658.0,3,36.95603942871094,-120.05899047851562,4
2019,2019-06-14,815,6,2,8,5,Y,A,N,A,H,A,D,22,,09,D,,,,,C,Y,N,D,1,0,0,0,21801.0,2,37.05426025390625,-120.02922821044922,4
2019,2019-06-14,1551,6,2,15,5,N,A,Y,A,H,A,A,08,N,03,C,,,,,C,Y,N,D,5,0,0,0,22350.0,2,36.92650985717773,-119.79396057128906,4
2019,2019-06-15,1705,6,2,17,6,Y,A,Y,A,H,A,A,01,,09,D,,,,,C,Y,N,D,2,0,0,0,21801.0,2,37.30067443847656,-119.64889526367188,3
2019,2019-06-11,1425,6,2,14,2,N,A,N,A,H,A,C,02,W,08,F,,,Y,,I,Y,N,D,1,0,0,1,22107.0,1,37.23915863037109,-119.74004364013672,3
2019,2019-06-09,130,6,2,1,7,N,A,N,A,H,D,A,07,W,01,F,,,,,I,Y,N,D,1,0,0,0,23152.0,1,37.39754486083984,-119.59486389160156,4
2019,2019-06-13,750,6,2,7,4,N,A,Y,A,H,A,D,22,N,08,C,,,,,E,Y,N,D,1,0,0,0,22107.0,2,37.33982849121094,-119.64385986328124,4
2019,2019-06-13,1720,6,2,17,4,N,A,Y,A,H,A,A,01,S,03,C,,,,,C,Y,N,D,4,0,0,0,22350.0,2,36.91965866088867,-120.01685333251952,3
2019,2019-06-18,2215,6,2,22,2,N,A,Y,A,H,D,A,01,S,03,C,,,,,C,Y,N,D,2,0,0,0,22350.0,2,37.20830535888672,-119.7125244140625,3
2019,2019-06-18,2215,6,2,22,2,N,A,Y,A,D,D,D,22,S,03,C,,,,,C,Y,N,D,1,0,0,0,22350.0,2,36.99680709838867,-120.10247039794922,3
2019,2019-06-21,437,6,2,4,5,N,A,Y,A,H,C,A,01,N,08,E,,,,,I,Y,N,D,1,0,0,0,22107.0,1,36.96720504760742,-120.0702667236328,4
2019,2019-06-19,710,6,2,7,3,N,A,Y,A,H,A,A,07,S,03,C,,,,,C,Y,N,D,2,0,0,0,22350.0,2,37.35451126098633,-119.7241439819336,2
2019,2019-05-27,1350,5,1,13,1,Y,A,Y,A,H,A,A,01,,09,D,,,,,C,Y,N,D,5,0,0,0,21801.0,2,37.083587646484375,-120.31077575683594,1
2019,2019-06-22,2005,6,2,20,6,N,A,N,A,H,A,A,01,W,01,F,,,,,A,Y,N,D,1,0,0,0,23152.0,1,36.851051330566406,-120.2870635986328,3
2019,2019-06-19,640,6,2,6,3,N,A,N,A,H,A,F,26,W,03,C,,,,Y,C,Y,N,A,2,0,0,0,22350.0,2,36.966621398925774,-119.89389801025392,3
2019,2019-06-16,1938,6,2,19,7,N,A,Y,A,H,A,A,01,S,03,C,,,,,C,N,F,D,1,0,0,0,22350.0,3,37.08587646484375,-119.75642395019533,4
2019,2019-06-12,820,6,2,8,3,N,A,Y,A,H,A,A,07,S,01,B,,,,,C,Y,F,D,2,0,0,0,23152.0,2,36.874942779541016,-119.97044372558594,3
2019,2019-02-18,940,2,4,9,1,N,A,Y,C,H,A,D,22,N,03,D,,,,,C,Y,N,D,0,0,0,0,22350.0,2,37.341358184814446,-119.70559692382812,1
2019,2019-06-22,205,6,2,2,6,N,A,Y,A,H,C,A,01,S,01,F,,,,,A,Y,N,D,1,0,0,0,23152.0,1,36.92171478271485,-120.01929473876952,4
2019,2019-06-24,1622,6,2,16,1,N,A,N,A,H,A,A,07,W,17,E,,,,,I,Y,N,D,2,0,0,0,21701.0,1,37.32821273803711,-119.6491928100586,3
2019,2019-06-19,2056,6,2,20,3,N,A,Y,A,H,B,D,22,S,03,C,,,,,C,Y,N,D,4,0,0,0,22350.0,5,36.92202377319336,-120.0197525024414,3
2019,2019-06-27,1720,6,2,17,4,N,A,N,A,H,A,A,01,W,08,E,,,,,I,Y,N,D,1,0,0,0,22107.0,1,37.22808837890625,-119.75887298583984,3
2019,2019-06-24,1705,6,2,17,1,Y,A,N,A,H,A,C,03,,12,D,,,Y,,C,N,N,A,2,0,0,2,22450.0,2,37.010940551757805,-120.08927154541016,2
2019,2019-06-25,635,6,2,6,2,Y,A,Y,A,H,A,D,22,,09,D,,,,,C,Y,N,A,1,0,0,0,21802.0,2,37.08348846435546,-120.38288879394533,3
2019,2019-06-26,2145,6,2,21,3,N,A,Y,A,H,C,A,01,S,03,C,,,,,C,N,N,D,2,0,0,0,22350.0,2,36.92306900024414,-119.79399871826172,4
2019,2019-06-26,1350,6,2,13,3,N,A,Y,A,H,A,A,01,S,03,C,,,,,C,N,N,D,1,0,0,0,22350.0,2,36.92096328735352,-120.01819610595705,4
2019,2019-06-24,1725,6,2,17,1,N,A,N,A,H,A,A,01,E,09,A,,,,,C,N,M,D,1,0,0,0,21804.0,2,37.22945022583008,-119.50904846191406,4
2019,2019-07-02,1135,7,2,11,2,Y,A,N,A,H,A,A,07,,09,D,,,,,C,Y,N,A,1,0,0,0,21802.0,2,36.90933990478516,-120.07418060302734,4
2019,2019-07-05,1740,7,2,17,5,N,A,N,A,H,A,A,07,E,08,E,,,,,I,Y,N,D,1,0,0,0,22107.0,1,37.324440002441406,-119.63655090332033,4
2019,2019-07-06,1705,7,2,17,6,N,A,N,A,H,A,A,07,W,08,E,,,,,I,Y,N,D,1,0,0,0,22107.0,1,37.342334747314446,-119.58844757080078,3
2019,2019-05-12,620,5,1,6,7,N,A,Y,A,H,A,A,01,E,03,E,,,,,I,Y,N,A,2,0,0,0,22350.0,1,37.08443832397461,-120.21025848388672,1
2019,2019-06-28,420,6,2,4,5,N,A,N,A,H,A,D,22,W,21,D,,,,,C,Y,N,D,2,0,0,0,22106.0,2,36.95272064208984,-120.20460510253906,2
2019,2019-07-01,2345,7,2,23,1,N,A,N,A,H,D,-,- ,N,18,A,,,,,H,Y,N,D,1,0,0,0,,1,36.95335006713867,-120.01949310302734,4
2019,2019-06-22,1500,6,2,15,6,N,A,N,A,H,A,C,02,S,08,F,,,Y,,A,N,N,D,1,0,0,1,22107.0,1,37.07874298095703,-119.89508056640624,2
2019,2019-07-04,2110,7,2,21,4,N,A,Y,A,H,D,-,- ,W,18,E,,,Y,,H,Y,N,D,2,0,0,2,,1,37.01026153564453,-119.90612030029295,2
2019,2019-07-04,1600,7,2,16,4,N,A,N,A,H,A,D,22,W,05,A,,,,,C,Y,N,D,3,0,0,0,21650.0,2,36.966663360595696,-119.9662857055664,2
2019,2019-07-06,1645,7,2,16,6,N,A,Y,A,H,A,A,07,S,08,E,,,,,I,Y,N,D,1,0,0,0,22107.0,1,37.074405670166016,-119.7618408203125,4
2019,2019-07-07,1405,7,2,14,7,N,A,Y,A,H,A,D,22,N,03,C,,,,,C,N,N,D,1,0,0,0,22350.0,2,36.8873176574707,-119.98328399658205,4
2019,2019-07-08,1039,7,2,10,1,Y,A,Y,A,H,A,D,22,,17,D,,,,,C,Y,N,A,2,0,0,0,21451.0,2,,,3
2019,2019-07-02,1950,7,2,19,2,N,A,N,A,H,A,A,01,N,03,E,,,,,I,Y,N,D,3,0,0,0,22350.0,1,37.07430648803711,-119.96898651123048,2
2019,2019-07-05,1918,7,2,19,5,Y,A,Y,A,H,A,A,01,,12,D,,,,,C,Y,N,A,1,0,0,0,22450.0,2,36.95954895019531,-119.79395294189452,4
2019,2019-07-06,2340,7,2,23,6,N,A,Y,A,H,D,A,01,N,01,F,,,,,I,Y,N,D,1,0,0,0,23152.0,1,37.35471725463867,-119.72412872314452,3
2019,2019-07-07,1510,7,2,15,7,N,A,Y,A,H,A,A,01,N,03,C,,,,,C,Y,N,D,2,0,0,0,22350.0,2,36.96141052246094,-120.06488800048828,4
2019,2019-07-07,2045,7,2,20,7,N,A,Y,A,H,D,-,- ,S,18,E,,,,,H,N,N,D,2,0,0,0,,1,37.440223693847656,-119.64801025390624,4
2019,2019-07-11,1654,7,2,16,4,N,A,Y,A,H,A,D,22,N,03,C,,,,,C,Y,N,D,2,0,0,0,22350.0,2,36.96823501586913,-120.0710678100586,4
2019,2019-07-11,1418,7,2,14,4,N,A,Y,A,H,A,N,60,S,11,G,Y,,,Y,B,N,N,D,1,1,0,0,21954.0,2,36.9528694152832,-120.05556488037108,2
2019,2019-07-04,2151,7,2,21,4,N,A,Y,A,H,D,D,22,W,03,C,,,,,C,Y,N,D,1,0,0,0,22350.0,3,37.01028060913086,-119.90133666992188,4
2019,2019-07-11,1723,7,2,17,4,N,A,Y,A,H,A,A,01,N,03,C,,,,,C,Y,N,D,1,0,0,0,22350.0,2,37.00215530395508,-120.10826110839844,4
2019,2019-07-14,130,7,2,1,7,N,A,N,A,H,D,D,22,N,01,E,,,,,I,Y,N,D,1,0,0,0,23152.0,1,36.894866943359375,-119.8574676513672,4
2019,2019-07-15,1625,7,2,16,1,N,A,Y,A,H,A,A,01,N,03,C,,,,,C,N,N,D,1,0,0,0,22350.0,2,36.911582946777344,-120.00847625732422,4
2019,2019-07-10,1345,7,2,13,3,N,A,Y,A,H,A,A,01,N,03,C,,,,,C,Y,N,D,3,0,0,0,22350.0,2,37.26195526123047,-119.70001983642578,3
2019,2019-07-12,2200,7,2,22,5,N,A,N,A,H,C,A,01,S,01,E,,,,,I,Y,N,A,3,0,0,0,23152.0,1,37.195556640625,-119.77085876464844,2
2019,2019-07-11,720,7,2,7,4,N,A,N,A,G,A,D,22,,03,D,,,,Y,C,Y,N,A,1,0,0,0,22350.0,2,37.20829,-119.5334,4
2019,2019-07-13,830,7,2,8,6,Y,A,N,A,H,A,A,07,,05,C,,,,,C,Y,F,A,1,0,0,0,21460.0,2,36.85860061645508,-120.38185119628906,3
2019,2019-07-16,34,7,2,0,2,N,A,N,A,H,D,A,01,N,01,F,,,,,A,Y,F,D,2,0,0,0,23152.0,1,36.915000915527344,-119.79375457763672,2
2019,2019-07-17,1520,7,2,15,3,N,A,Y,A,H,A,A,01,S,03,C,,,,,C,Y,N,D,2,0,0,0,22350.0,2,36.90793991088867,-119.79253387451172,4
2019,2019-07-18,1256,7,2,12,4,N,A,Y,A,H,A,D,22,S,05,B,,,,,C,Y,N,D,1,0,0,0,21650.0,2,37.109004974365234,-119.74484252929688,4
2019,2019-07-14,1525,7,2,15,7,N,A,N,A,H,A,D,22,N,01,E,,,,,J,Y,N,D,1,0,0,0,23152.0,1,37.19875717163086,-119.46895599365234,3
2019,2019-07-18,140,7,2,1,4,N,A,Y,A,H,D,A,01,N,01,E,,,,,I,Y,N,D,1,0,0,0,23152.0,1,37.10858154296875,-120.22866821289062,3
2019,2019-07-20,430,7,2,4,6,N,A,N,A,H,D,D,22,S,08,E,,,,,I,Y,N,D,1,0,0,0,22107.0,1,37.133331298828125,-120.2672119140625,3
2019,2019-07-23,605,7,2,6,2,N,A,Y,A,H,A,A,07,S,03,C,,,,,C,Y,N,D,1,0,0,0,22350.0,2,37.26214599609375,-119.69956970214844,4
2019,2019-07-07,1630,7,2,16,7,Y,A,N,A,H,A,D,22,,09,D,,,,,C,Y,M,D,1,0,0,0,21804.0,2,,,4
2019,2019-07-19,1553,7,2,15,5,Y,A,N,A,H,A,A,07,,12,D,,,,,C,Y,N,A,3,0,0,0,22450.0,2,36.880279541015625,-120.09223175048828,3
2019,2019-07-22,1315,7,2,13,1,Y,A,Y,A,H,A,A,01,,09,D,,,,,C,Y,N,A,1,0,0,0,21802.0,2,37.326519012451165,-119.66004943847656,3
2019,2019-07-29,920,7,2,9,1,N,A,Y,A,H,A,A,01,N,03,C,,,,,C,Y,N,D,2,0,0,0,22350.0,2,37.242095947265625,-119.70730590820312,4
2019,2019-07-24,1300,7,2,13,3,N,A,N,A,H,A,A,01,N,08,A,,,,,C,Y,N,D,1,0,0,0,22107.0,2,37.27532577514648,-119.87343597412108,4
2019,2019-07-24,2131,7,2,21,3,N,A,N,A,H,D,-,- ,W,18,E,,,,,H,Y,N,D,1,0,0,0,,1,37.23863220214844,-119.81200408935548,4
2019,2019-07-28,1045,7,2,10,7,Y,A,N,A,H,A,A,01,,09,D,,,,,C,Y,N,A,1,0,0,0,21802.0,2,37.12704849243164,-120.15106964111328,3
2019,2019-07-30,1055,7,2,10,2,Y,A,N,A,H,A,A,07,,12,D,,,,,A,Y,N,A,1,0,0,0,22450.0,2,37.12704849243164,-120.15106964111328,2
2019,2019-08-01,215,8,2,2,4,N,A,Y,A,H,D,A,01,N,08,E,,,,,I,Y,N,D,1,0,0,0,22107.0,1,37.361114501953125,-119.64435577392578,4