ACCIDENT_YEAR,COLLISION_DATE,COLLISION_TIME,MONTH,SEASON,24HOURS,DAY_OF_WEEK,INTERSECTION,WEATHER_1,STATE_HWY_IND,ROAD_SURFACE,ROAD_COND_1,LIGHTING,STWD_VEHTYPE_AT_FAULT,CHP_VEHTYPE_AT_FAULT,DIRECTION,PCF_VIOL_CATEGORY,TYPE_OF_COLLISION,PEDESTRIAN_ACCIDENT,BICYCLE_ACCIDENT,MOTORCYCLE_ACCIDENT,TRUCK_ACCIDENT,MVIW,TOW_AWAY,HIT_AND_RUN,CONTROL_DEVICE,NUMBER_INJURED,COUNT_PED_INJURED,COUNT_BICYCLIST_INJURED,COUNT_MC_INJURED,PCF_VIOLATION,PARTY_COUNT,POINT_Y,POINT_X,COLLISION_SEVERITY
2020,2020-01-02,1845,1,4,18,4,N,A,N,A,H,C,A,01,S,03,C,,,,,C,Y,N,D,2,0,0,0,22350.0,2,37.00017929077149,-120.07428741455078,4
2020,2020-01-03,1420,1,4,14,5,N,A,Y,A,H,A,D,22,S,03,C,,,,,C,Y,N,D,1,0,0,0,22350.0,2,36.99355697631836,-120.09803771972656,4
2020,2020-01-03,1350,1,4,13,5,N,A,Y,A,H,A,C,02,S,03,C,,,Y,,C,N,N,D,1,0,0,1,22350.0,2,36.97029495239258,-120.07192230224608,2
2019,2019-12-31,1200,12,4,12,2,N,A,N,A,H,A,A,01,E,08,E,,,,,I,Y,N,D,1,0,0,0,22107.0,1,37.12149810791016,-119.71617126464844,2
2020,2020-01-01,500,1,4,5,3,N,A,N,A,H,D,A,01,E,08,E,,,,,I,N,M,D,1,0,0,0,22107.0,1,,,3
2020,2020-01-03,1540,1,4,15,5,N,A,Y,A,H,A,A,08,S,07,B,,,,Y,C,N,N,D,1,0,0,0,21658.0,2,36.9730224609375,-120.07455444335938,4
2020,2020-01-02,1417,1,4,14,4,N,A,Y,A,D,A,A,07,S,03,C,,,,,C,Y,M,D,5,0,0,0,22350.0,6,36.98475646972656,-120.08702087402344,3
2020,2020-01-03,1801,1,4,18,5,N,A,N,A,H,D,A,07,W,01,C,,,,,C,Y,N,D,4,0,0,0,23152.0,4,36.88029098510742,-119.93948364257812,4
2020,2020-01-06,1618,1,4,16,1,N,A,N,A,H,A,-,- ,N,05,A,,,,,C,Y,N,D,2,0,0,0,21460.0,2,36.9249267578125,-120.01650238037108,4
2020,2020-01-06,1410,1,4,14,1,N,A,Y,A,H,A,D,22,N,03,C,,,,,C,N,N,A,1,0,0,0,22350.0,4,37.22063827514648,-119.70767974853516,4
2020,2020-01-07,915,1,4,9,2,Y,E,Y,A,H,A,C,02,,08,E,,,Y,,I,Y,N,D,1,0,0,1,22107.0,1,37.10555648803711,-120.224365234375,3
2020,2020-01-11,740,1,4,7,6,N,A,Y,C,H,A,A,07,S,03,F,,,,,I,Y,N,D,1,0,0,0,22350.0,1,37.435848236083984,-119.64365386962892,4
2020,2020-01-10,1718,1,4,17,5,N,A,Y,A,D,D,D,22,S,03,C,,,,,C,N,N,D,4,0,0,0,22350.0,2,36.948387145996094,-120.04766845703124,4
2020,2020-01-13,1320,1,4,13,1,Y,A,N,A,H,A,A,01,,12,D,,,,,C,Y,N,A,5,0,0,0,22450.0,2,37.12704849243164,-120.15106964111328,4
2020,2020-01-14,1350,1,4,13,2,N,A,N,A,H,A,D,22,E,03,C,,,,,C,N,N,D,2,0,0,0,22350.0,2,36.8584098815918,-120.4174575805664,4
2020,2020-01-14,2145,1,4,21,2,N,A,N,A,H,D,D,22,S,01,E,,,,,I,Y,N,D,1,0,0,0,23152.0,1,36.96888732910156,-119.89381408691406,4
2020,2020-01-08,835,1,4,8,3,N,B,Y,A,D,A,F,76,N,08,E,,,,Y,J,Y,N,D,1,0,0,0,22107.0,1,36.928272247314446,-120.02552795410156,4
2020,2020-01-11,2145,1,4,21,6,Y,A,N,A,H,C,A,01,,01,E,,,,,I,N,N,C,1,0,0,0,23152.0,1,36.981689453125,-120.04155731201172,3
2020,2020-01-16,1558,1,4,15,4,N,B,Y,B,H,A,A,01,N,08,F,,,,,A,Y,N,D,1,0,0,0,22107.0,1,37.04357147216797,-119.77853393554688,4
2020,2020-01-15,1555,1,4,15,3,N,A,Y,A,H,A,A,01,S,09,D,,,,,C,Y,N,D,1,0,0,0,21801.0,2,37.33235931396485,-119.65827941894533,4
2020,2020-01-13,1245,1,4,12,1,N,A,Y,A,H,A,A,07,N,03,C,,,,,C,N,N,D,1,0,0,0,22350.0,2,37.3039665222168,-119.65038299560548,4
2020,2020-01-14,1420,1,4,14,2,N,B,N,A,H,A,D,22,E,03,C,,,,,C,N,N,D,1,0,0,0,22350.0,2,36.880268096923835,-119.9638442993164,4
2020,2020-01-09,2100,1,4,21,4,N,A,N,A,H,D,A,01,S,08,B,,,,Y,C,Y,M,D,1,0,0,0,22107.0,2,36.95232391357422,-120.12834930419922,4
2020,2020-01-16,1535,1,4,15,4,Y,C,N,B,H,A,A,07,,09,D,,,,,C,Y,N,A,3,0,0,0,21802.0,2,36.92383193969727,-120.0742416381836,4
2020,2020-01-21,1310,1,4,13,2,N,B,Y,A,H,A,A,01,S,03,C,,,,,C,Y,N,D,2,0,0,0,22350.0,2,37.264068603515625,-119.68099975585938,3
2020,2020-01-16,1440,1,4,14,4,N,B,Y,B,D,A,A,07,S,03,C,,,,,C,Y,N,D,3,0,0,0,22350.0,4,36.948333740234375,-120.0475616455078,4
2020,2020-06-19,1409,6,2,14,5,N,A,N,A,H,A,A,01,E,03,C,,,,,C,N,N,A,1,0,0,0,22350.0,2,36.94548797607422,-120.04764556884766,4
2020,2020-01-20,1535,1,4,15,1,N,A,N,A,H,A,D,22,W,08,F,,,,,A,Y,N,D,1,0,0,0,22107.0,1,36.92372131347656,-120.2013931274414,4
2020,2020-01-20,1650,1,4,16,1,N,B,Y,A,H,A,A,01,S,03,C,,,,,C,N,N,D,1,0,0,0,22350.0,2,36.86054229736328,-119.9552001953125,4
2020,2020-01-23,700,1,4,7,4,N,B,Y,A,D,A,A,01,S,03,C,,,,,C,Y,N,D,1,0,0,0,22350.0,2,36.97283935546875,-120.07432556152344,4
2020,2020-01-11,1510,1,4,15,6,N,A,N,A,H,A,A,01,S,08,C,,Y,,,G,N,F,D,1,0,1,0,22107.0,2,37.00104904174805,-119.73445129394533,3
2020,2020-01-22,750,1,4,7,3,N,B,Y,B,D,A,D,22,N,03,D,,,,Y,C,Y,N,D,2,0,0,0,22350.0,3,36.996936798095696,-120.10311126708984,4
2020,2020-01-22,901,1,4,9,3,Y,A,N,A,H,A,A,07,,09,D,,,,,C,Y,N,A,1,0,0,0,21802.0,2,36.85931015014648,-120.34098815917967,3
2020,2020-01-19,1200,1,4,12,7,N,A,N,A,H,A,A,01,S,08,C,,,,,C,Y,N,D,1,0,0,0,22107.0,2,36.980411529541016,-119.8937759399414,3
2020,2020-01-23,1010,1,4,10,4,N,A,Y,A,D,A,A,01,N,09,D,,,,,C,Y,N,D,2,0,0,0,21804.0,2,37.331668853759766,-119.65465545654295,3
2020,2020-01-22,2110,1,4,21,3,N,A,Y,A,H,D,A,01,S,03,C,,,,,C,Y,N,D,1,0,0,0,22350.0,3,36.89872741699219,-119.99479675292967,4
2020,2020-01-24,1930,1,4,19,5,N,A,Y,A,D,C,A,01,N,03,C,,,,,C,Y,N,A,1,0,0,0,22350.0,2,36.986194610595696,-120.08879089355467,4
2020,2020-01-24,1640,1,4,16,5,N,A,Y,A,H,A,A,01,N,03,C,,,,,C,Y,N,D,2,0,0,0,22350.0,2,36.868289947509766,-119.96353912353516,4
2020,2020-01-24,620,1,4,6,5,N,E,N,B,H,C,A,01,E,08,F,,,,,A,Y,N,D,1,0,0,0,22107.0,1,36.95279312133789,-120.24755096435548,4
2020,2020-01-24,1508,1,4,15,5,Y,B,N,A,H,A,A,07,,03,B,,,,,C,N,N,A,2,0,0,0,22350.0,2,36.901958465576165,-120.12854766845705,4
2020,2020-01-24,1434,1,4,14,5,Y,B,N,A,H,A,-,- ,,00,D,,,,,C,N,N,A,1,0,0,0,,2,36.923038482666016,-119.8943099975586,4
2020,2020-01-25,300,1,4,3,6,Y,E,N,A,H,D,D,22,,03,E,,,,,J,Y,N,D,2,0,0,0,22350.0,1,36.85931015014648,-120.34098815917967,4
2020,2020-01-27,1240,1,4,12,1,N,A,Y,A,D,A,F,27,N,08,E,,,,Y,I,Y,N,D,1,0,0,0,22107.0,2,36.96685791015625,-120.0700454711914,3
2020,2020-01-23,2345,1,4,23,4,N,A,Y,A,H,D,A,01,N,01,E,,,,,J,Y,M,D,1,0,0,0,23152.0,1,37.192142486572266,-119.72281646728516,4
2020,2020-02-03,1700,2,4,17,1,N,A,Y,A,H,A,A,07,S,08,E,,,,,I,Y,N,D,1,0,0,0,22107.0,1,37.2825927734375,-119.65980529785156,4
2020,2020-01-29,105,1,4,1,3,N,A,N,A,H,D,D,22,E,01,E,,,,,I,Y,M,D,1,0,0,0,23152.0,2,36.923049926757805,-119.87735748291016,3
2019,2019-11-28,1329,11,3,13,4,Y,C,Y,B,H,A,A,01,,09,D,,,,,C,Y,N,D,3,0,0,0,21802.0,2,37.20206069946289,-119.72267150878906,1
2020,2020-02-04,750,2,4,7,2,N,A,N,A,H,A,A,07,S,03,C,,,,,C,N,N,D,1,0,0,0,22350.0,2,36.99258041381836,-120.06314849853516,4
2019,2019-05-08,2138,5,1,21,3,N,A,Y,A,H,D,A,01,N,01,E,,,,,I,Y,N,D,1,0,0,0,23152.0,1,37.09541702270508,-120.28720855712892,1
2020,2020-01-30,135,1,4,1,4,N,A,Y,A,H,C,C,02,N,01,F,,,Y,,A,Y,N,D,1,0,0,1,23152.0,1,,,2
2020,2020-02-03,1445,2,4,14,1,Y,A,N,A,H,A,A,07,,09,D,,,,,C,Y,N,A,2,0,0,0,21802.0,2,36.923709869384766,-120.03334045410156,3
2020,2020-01-28,1018,1,4,10,2,Y,A,N,A,H,A,A,01,,09,D,,,,,C,Y,N,A,1,0,0,0,21802.0,2,36.923161,-119.80748,4
2020,2020-01-29,1732,1,4,17,3,N,B,Y,A,H,B,A,07,N,05,B,,,,,C,Y,N,D,2,0,0,0,21460.0,2,37.3405647277832,-119.68576049804688,4
2020,2020-02-04,740,2,4,7,2,N,A,Y,A,H,A,A,07,N,03,C,,,,,C,Y,N,D,1,0,0,0,22350.0,2,37.337261199951165,-119.66765594482422,4
2020,2020-02-02,955,2,4,9,7,N,A,N,A,H,A,C,02,E,03,F,,,Y,,A,N,N,D,2,0,0,2,22350.0,2,,,3
2020,2020-01-31,1205,1,4,12,5,N,A,Y,A,H,A,A,01,S,03,E,,,,,I,Y,N,D,1,0,0,0,22350.0,1,37.12556838989258,-120.24933624267578,4
2020,2020-02-10,735,2,4,7,1,N,A,Y,A,D,A,A,01,N,03,C,,,,,C,Y,N,D,1,0,0,0,22350.0,2,36.97588348388672,-120.07771301269533,4
2020,2020-02-04,841,2,4,8,2,N,A,N,A,H,A,A,07,E,08,B,,,,,C,Y,N,D,1,0,0,0,22107.0,3,36.88043212890625,-119.8499755859375,4
2020,2020-01-31,1940,1,4,19,5,N,A,N,A,H,D,N,60,W,11,G,Y,,,,B,N,N,D,1,1,0,0,21956.0,2,36.93807601928711,-120.02117919921876,2
2020,2020-02-06,2005,2,4,20,4,N,A,Y,A,H,D,A,01,N,03,C,,,,,C,Y,N,D,3,0,0,0,22350.0,2,36.889175415039055,-119.98521423339844,4
2020,2020-02-07,2044,2,4,20,5,N,A,Y,A,H,D,A,07,N,08,B,,,,,C,Y,N,D,3,0,0,0,22107.0,2,37.02631759643555,-119.79018402099608,2
2020,2020-02-08,932,2,4,9,6,N,A,Y,A,D,A,E,22,S,03,C,,,,,C,Y,N,D,4,0,0,0,22350.0,4,36.97833251953125,-120.08069610595705,4
2020,2020-02-08,930,2,4,9,6,N,A,Y,A,H,A,A,01,N,08,B,,,,,C,Y,F,D,2,0,0,0,22107.0,3,36.98376083374024,-120.08566284179688,4
2020,2020-02-09,1740,2,4,17,7,Y,A,N,A,H,B,A,01,,09,D,,,,,C,Y,N,D,2,0,0,0,21801.0,2,36.88031005859375,-119.91123199462892,4
2020,2020-02-12,2125,2,4,21,3,N,A,N,A,H,D,A,01,N,01,E,,,,,I,Y,M,D,1,0,0,0,23152.0,1,36.93951416015625,-120.1284408569336,4
2020,2020-02-08,931,2,4,9,6,N,A,Y,A,D,A,D,22,S,03,C,,,,,C,Y,N,D,2,0,0,0,22350.0,4,36.98500061035156,-120.08699035644533,4
2020,2020-02-15,805,2,4,8,6,Y,A,N,A,H,A,A,07,,12,D,,,,,C,Y,N,A,2,0,0,0,22450.0,2,37.05426025390625,-120.02922821044922,3
2020,2020-02-13,800,2,4,8,4,Y,A,N,A,H,A,A,01,,09,D,,,,,C,N,N,A,1,0,0,0,21802.0,2,36.98688888549805,-120.07015228271484,3
2020,2020-02-15,500,2,4,5,6,N,A,Y,A,H,D,A,01,S,08,E,,,,,I,Y,N,D,1,0,0,0,22107.0,1,37.08434295654297,-120.21016693115234,4
2020,2020-02-14,920,2,4,9,5,N,A,N,A,H,A,-,- ,W,18,E,,,,,I,Y,N,D,1,0,0,0,,1,37.188213,-119.621488,4
2020,2020-02-08,100,2,4,1,6,N,A,N,A,H,D,A,01,E,08,E,,,,,I,Y,M,D,1,0,0,0,22107.0,1,,,2
2020,2020-02-14,605,2,4,6,5,Y,E,N,A,H,C,A,08,,03,E,,,,,I,Y,N,A,1,0,0,0,22350.0,1,36.92351150512695,-120.25544738769533,3
2020,2020-02-23,520,2,4,5,7,N,A,Y,A,H,D,A,01,S,03,F,,,,,A,Y,N,D,1,0,0,0,22350.0,1,37.018184661865234,-120.12902069091795,4
2019,2019-12-07,2500,12,4,25,6,N,B,N,A,H,D,A,01,S,08,E,,,,,I,Y,N,D,0,0,0,0,22107.0,1,36.96379470825195,-120.01956939697266,1
2020,2020-02-19,1415,2,4,14,3,N,A,Y,A,H,A,F,26,N,08,D,,,,Y,C,N,N,D,1,0,0,0,22107.0,2,36.88105010986328,-119.978759765625,4
2020,2020-02-21,1815,2,4,18,5,N,A,Y,A,H,A,A,01,S,03,C,,,,,C,N,N,D,2,0,0,0,22350.0,4,36.94799041748047,-120.04697418212892,4
2020,2020-02-19,530,2,4,5,3,N,A,N,A,H,D,A,01,N,08,E,,,,,I,Y,N,B,1,0,0,0,22107.0,1,37.24594497680664,-119.9249267578125,4
2020,2020-02-23,1450,2,4,14,7,N,A,Y,A,H,A,A,07,S,03,C,,,,,C,Y,F,D,2,0,0,0,22350.0,3,36.86551284790039,-119.96033477783205,3
2020,2020-02-19,1422,2,4,14,3,N,A,N,A,H,A,A,07,N,08,E,,,,,I,Y,N,D,1,0,0,0,22107.0,1,,,2
2019,2019-12-08,1151,12,4,11,7,N,B,Y,B,H,A,A,01,N,03,A,,,,,C,Y,N,D,3,0,0,0,22350.0,3,37.06076049804688,-119.76979064941406,1
2020,2020-02-24,2145,2,4,21,1,N,A,N,A,H,D,A,01,W,06,C,,,,,C,Y,N,D,2,0,0,0,21750.0,2,36.85858154296875,-120.38581085205078,3
2020,2020-02-17,2040,2,4,20,1,N,A,Y,A,H,D,A,01,S,01,E,,,,,I,Y,N,D,1,0,0,0,23152.0,1,36.90773391723633,-120.00447845458984,3
2020,2020-02-19,1445,2,4,14,3,N,A,Y,A,H,A,A,01,E,08,A,,,,,C,Y,F,D,1,0,0,0,22107.0,2,36.925884246826165,-119.77333831787108,3
2020,2020-02-20,1300,2,4,13,4,N,A,Y,A,H,A,A,01,S,08,B,,,,,C,Y,N,D,1,0,0,0,22107.0,2,37.08775329589844,-119.75529479980467,4
2020,2020-02-26,2130,2,4,21,3,N,A,N,A,H,D,A,01,E,01,E,,,,,I,Y,N,D,1,0,0,0,23152.0,1,37.063358306884766,-120.1881866455078,3
2020,2020-02-28,1030,2,4,10,5,N,A,Y,A,H,A,C,02,S,03,F,,,Y,,A,Y,N,D,1,0,0,1,22350.0,1,37.015655517578125,-120.12507629394533,3
2020,2020-02-29,1400,2,4,14,6,Y,A,N,A,H,A,A,01,,09,D,,,,,C,Y,N,A,1,0,0,0,21802.0,2,36.85931015014648,-120.34098815917967,4
2020,2020-02-29,1225,2,4,12,6,N,A,N,A,H,A,A,01,E,08,E,,,,,J,Y,N,D,1,0,0,0,22107.0,1,36.851348876953125,-120.0095672607422,3
2020,2020-02-24,1445,2,4,14,1,N,A,N,A,H,A,D,22,S,05,A,,,,,C,Y,N,D,2,0,0,0,21460.0,2,,,4
2020,2020-03-01,1440,3,1,14,7,N,A,Y,A,H,A,A,07,N,04,C,,,,,C,Y,N,D,1,0,0,0,21703.0,2,36.89126968383789,-119.98738861083984,4
2020,2020-03-02,2025,3,1,20,1,N,A,Y,A,H,D,A,01,N,08,E,,,,,J,Y,N,D,1,0,0,0,22107.0,1,37.12727737426758,-120.25305938720705,4
2020,2020-02-28,1507,2,4,15,5,N,A,Y,A,H,A,A,07,N,03,C,,,,,C,Y,N,D,1,0,0,0,22350.0,3,37.005401611328125,-120.11219787597656,4
2020,2020-02-25,1805,2,4,18,2,N,A,N,A,H,D,A,07,N,08,E,,,,,I,Y,N,D,1,0,0,0,22107.0,1,,,3
2020,2020-02-28,740,2,4,7,5,N,A,N,A,H,A,A,01,E,03,C,,,,,C,Y,N,D,2,0,0,0,22350.0,4,,,4
2020,2020-02-29,350,2,4,3,6,N,A,N,A,H,D,D,22,E,08,E,,,,,I,Y,N,D,1,0,0,0,22107.0,1,,,4
2020,2020-02-27,1340,2,4,13,4,N,A,N,A,H,A,A,01,S,06,B,,Y,,,G,N,N,D,1,0,1,0,21750.0,2,37.33430862426758,-119.57061004638672,3
2020,2020-02-28,2128,2,4,21,5,N,A,N,A,H,D,D,22,S,01,E,,,,,I,Y,N,D,1,0,0,0,23152.0,1,37.338287353515625,-119.58546447753906,2
2020,2020-02-26,1835,2,4,18,3,N,A,Y,A,H,D,A,01,N,03,F,,,,,I,Y,N,D,1,0,0,0,22350.0,1,36.8709716796875,-119.96631622314452,4
2020,2020-03-06,1215,3,1,12,5,Y,A,N,A,H,A,A,01,,09,D,,,,,C,Y,N,A,2,0,0,0,21802.0,2,36.880279541015625,-120.09223175048828,4
2020,2020-03-06,1100,3,1,11,5,Y,A,Y,A,H,A,D,22,,03,C,,,,,C,N,N,A,4,0,0,0,22350.0,2,,,4
2020,2020-03-06,1512,3,1,15,5,N,A,Y,A,H,A,A,01,N,03,C,,,,,C,N,N,D,1,0,0,0,22350.0,3,37.04536056518555,-120.16133880615234,4
2020,2020-03-08,1812,3,1,18,7,N,A,Y,A,H,A,A,01,S,08,B,,,,,C,Y,M,D,1,0,0,0,22107.0,2,36.92355728149414,-120.02166748046876,4
2020,2020-03-09,1805,3,1,18,1,Y,A,Y,A,H,A,D,22,,09,D,,,,,C,N,N,A,1,0,0,0,21802.0,2,37.20206069946289,-119.72267150878906,4
2020,2020-03-10,1540,3,1,15,2,N,A,N,A,H,A,D,22,W,03,C,,,,,C,Y,N,D,2,0,0,0,22350.0,4,36.9238395690918,-120.05846405029295,4
2020,2020-03-03,2255,3,1,22,2,N,A,Y,A,D,D,A,01,S,03,E,,,,,J,Y,N,D,1,0,0,0,22350.0,1,36.97446060180664,-120.07630920410156,4
2020,2020-03-04,1505,3,1,15,3,N,A,Y,A,H,A,A,07,N,08,D,,,,,C,Y,N,D,1,0,0,0,22107.0,2,36.935691833496094,-119.7939682006836,3
2020,2020-03-10,810,3,1,8,2,N,B,Y,A,H,A,A,01,S,07,B,,,,,C,Y,N,D,1,0,0,0,21658.0,2,37.118072509765625,-120.24069213867188,4
2020,2020-03-07,106,3,1,1,6,N,A,N,A,H,D,N,60,S,11,G,Y,,,,B,Y,N,D,1,1,0,0,21954.0,2,37.1373405456543,-120.27188873291016,2
2020,2020-02-23,1933,2,4,19,7,N,A,N,A,H,C,A,01,S,03,D,,,,,C,Y,F,A,1,0,0,0,22350.0,2,36.996143341064446,-120.07424926757812,4
2019,2019-10-22,945,10,3,9,2,Y,A,N,A,H,A,A,08,,12,D,,,,Y,C,Y,N,A,1,0,0,0,22450.0,2,36.85931015014648,-120.34098815917967,1
2020,2020-03-04,1301,3,1,13,3,N,A,Y,A,H,A,-,99,N,08,B,,,Y,,C,Y,F,D,1,0,0,1,22107.0,2,37.25340270996094,-119.70446014404295,2
2020,2020-03-11,925,3,1,9,3,N,B,Y,B,D,A,A,01,N,08,E,,,,,I,Y,N,A,1,0,0,0,22107.0,1,36.92982482910156,-120.02737426757812,4
2020,2020-03-16,1926,3,1,19,1,N,B,N,A,H,D,A,08,E,08,F,,,,,A,Y,N,D,1,0,0,0,22107.0,1,36.92302322387695,-119.93840026855467,4
2020,2020-03-17,315,3,1,3,2,N,A,Y,A,H,D,A,01,S,08,E,,,,,I,Y,N,D,1,0,0,0,22107.0,1,37.01051330566406,-120.11798858642578,3
2020,2020-03-17,2130,3,1,21,2,N,A,Y,A,D,D,A,01,S,01,C,,,,,C,Y,N,D,3,0,0,0,23152.0,2,37.012741088867195,-120.12112426757812,3
2020,2020-02-07,320,2,4,3,5,N,A,Y,A,H,D,N,60,W,11,G,Y,,,,B,Y,N,D,0,0,0,0,21956.0,2,37.01028823852539,-119.86659240722656,1
2020,2020-03-12,655,3,1,6,4,Y,A,Y,A,H,A,A,07,,03,C,,,,,C,Y,N,D,1,0,0,0,22350.0,2,36.87311172485352,-120.05598449707033,4
2020,2020-03-17,1550,3,1,15,2,N,C,Y,B,H,A,A,01,N,03,E,,,,,I,Y,N,D,2,0,0,0,22350.0,1,37.4088134765625,-119.73340606689452,3
2020,2020-03-18,2144,3,1,21,3,N,A,Y,A,H,D,A,07,N,03,C,,,,,C,Y,N,D,2,0,0,0,22350.0,2,37.25817489624024,-119.70304107666016,4
2020,2020-03-14,1139,3,1,11,6,N,B,Y,A,H,A,A,01,S,01,F,,,,,A,Y,N,D,1,0,0,0,23152.0,1,37.105335235595696,-120.22443389892578,3
2020,2020-03-20,550,3,1,5,5,N,A,Y,A,D,C,A,01,S,03,E,,,,,I,Y,N,D,1,0,0,0,22350.0,1,36.981689453125,-120.0837173461914,4
2020,2020-03-17,1744,3,1,17,2,Y,B,N,A,H,A,A,01,,01,A,,,,,C,Y,N,A,1,0,0,0,23152.0,2,36.98691177368164,-120.07425689697266,4
2020,2020-03-23,1507,3,1,15,1,N,A,N,A,H,A,D,22,N,06,A,,,,,C,Y,N,D,2,0,0,0,21751.0,2,36.92690658569336,-120.07413482666016,3
2020,2020-03-25,740,3,1,7,3,N,B,N,B,H,A,A,01,S,08,E,,,,,I,Y,N,D,1,0,0,0,22107.0,1,37.050235748291016,-120.1646728515625,4
2020,2020-03-27,710,3,1,7,5,Y,A,N,A,H,A,D,22,,03,C,,,,,C,Y,N,D,2,0,0,0,22350.0,2,36.85831069946289,-120.43589019775392,4
2020,2020-01-13,1755,1,4,17,1,N,A,Y,A,H,D,N,60,N,11,G,Y,,,,B,Y,N,D,0,0,0,0,21954.0,2,37.161819458007805,-119.72769165039062,1
2020,2020-03-22,2315,3,1,23,7,N,C,Y,B,H,D,A,01,N,08,E,,,,,I,Y,N,A,1,0,0,0,22107.0,1,36.871360778808594,-119.96672058105467,4
2020,2020-03-21,1330,3,1,13,6,N,C,N,B,H,A,D,22,E,08,F,,,,,I,Y,N,D,2,0,0,0,22107.0,1,,,3
2020,2020-03-25,1546,3,1,15,3,N,F,N,C,H,A,A,07,W,08,F,,,,,A,Y,N,D,1,0,0,0,22107.0,1,,,3
2020,2020-03-30,1615,3,1,16,1,N,A,N,A,H,A,F,27,W,08,E,,,,Y,I,Y,N,D,1,0,0,0,22107.0,1,,,3
2020,2020-03-30,847,3,1,8,1,N,A,Y,A,H,A,-,- ,S,18,E,,,,,I,Y,N,D,1,0,0,0,,1,,,3
2020,2020-03-31,1128,3,1,11,2,Y,A,N,A,H,A,-,- ,,00,D,,,,,C,Y,N,A,1,0,0,0,,2,36.98691177368164,-120.07425689697266,4
2020,2020-03-28,1710,3,1,17,6,N,B,N,D,G,A,C,06,W,01,E,,,Y,,I,N,N,D,2,0,0,2,23152.0,1,37.268451690673835,-119.69678497314452,3
2020,2020-02-09,155,2,4,1,7,N,A,Y,A,H,C,A,01,S,01,E,,,,,I,Y,N,D,0,0,0,0,23152.0,1,37.26380920410156,-119.68634033203124,1
2020,2020-04-09,2050,4,1,20,4,N,B,N,A,H,D,A,01,W,08,E,,,,,J,Y,M,D,1,0,0,0,22107.0,1,36.92313003540039,-119.82345581054688,4
2020,2020-04-04,2350,4,1,23,6,N,B,N,A,H,D,A,01,W,08,F,,,,,I,Y,M,D,1,0,0,0,22107.0,1,36.86582946777344,-120.03246307373048,4
2020,2020-04-12,1258,4,1,12,7,Y,A,N,A,H,A,A,01,,01,D,,,,,C,Y,N,A,5,0,0,0,23152.0,2,36.923038482666016,-119.8943099975586,3
2020,2020-04-09,528,4,1,5,4,Y,C,N,B,H,D,A,01,,09,D,,,,,C,Y,N,D,1,0,0,0,21802.0,2,36.85931015014648,-120.34098815917967,2
2020,2020-04-11,1450,4,1,14,6,N,B,Y,A,H,A,D,22,N,03,C,,,,,C,N,N,D,1,0,0,0,22350.0,2,37.33533477783203,-119.66227722167967,4
2020,2020-04-12,1341,4,1,13,7,N,A,Y,A,H,A,A,01,N,08,E,,,,,I,Y,N,D,1,0,0,0,22107.0,1,36.94479751586913,-120.0429458618164,3
2020,2020-04-08,411,4,1,4,3,N,B,Y,B,H,D,A,01,S,03,D,,,,,C,Y,N,D,3,0,0,0,22350.0,2,37.08343505859375,-120.20867919921876,3
2020,2020-04-14,1240,4,1,12,2,N,A,Y,A,D,A,G,25,S,08,E,,,,Y,I,Y,N,D,1,0,0,0,22107.0,1,36.96908950805664,-120.07152557373048,3
2020,2020-04-15,1220,4,1,12,3,N,A,N,A,H,A,A,01,S,09,A,,,,,C,Y,N,D,1,0,0,0,21801.0,2,36.99601745605469,-120.07425689697266,4
2020,2020-04-17,915,4,1,9,5,Y,B,N,A,H,A,A,01,,12,D,,,,Y,C,Y,N,A,1,0,0,0,22450.0,2,36.85931015014648,-120.34098815917967,4
2020,2020-04-17,2145,4,1,21,5,Y,C,N,B,H,D,F,26,,12,D,,,,Y,C,N,N,A,1,0,0,0,22450.0,2,36.92377853393555,-120.0924072265625,4
2020,2020-04-16,446,4,1,4,4,N,A,Y,A,H,C,A,01,S,01,E,,,,,J,Y,N,D,2,0,0,0,23152.0,1,37.08764266967773,-120.21254730224608,2
2020,2020-04-12,2156,4,1,21,7,N,A,Y,A,H,D,D,22,S,01,E,,,,,I,Y,N,D,1,0,0,0,23152.0,1,36.84706878662109,-119.94049072265624,4
2020,2020-04-19,1137,4,1,11,7,N,A,N,A,H,A,A,07,W,08,F,,,,,A,Y,N,D,1,0,0,0,22107.0,1,36.85872650146485,-120.35714721679688,4